id,fuente,grupo,alimento,nombre_ingles,porcion_base,cantidad_base,energia_kcal,proteina_g,grasa_total_g,carbohidratos_g,fibra_g,ags_g,agm_g,agpi_g,colesterol_mg,calcio_mg,fosforo_mg,hierro_mg,potasio_mg,sodio_mg,zinc_mg,vitamina_c_mg,vitamina_a_ug_ere,folatos_ug,vitamina_b12_ug,pagina_pdf
1,1,"01. CEREALES, TUBÉRCULOS Y PLÁTANOS","Amaranto, grano seco","Amaranth, grain, dry, uncooked",100 g,100,381.07,14.45,6.51,66.17,9.3,1.66,1.43,2.89,0.0,153.0,455.0,7.59,366.0,21.0,3.18,4.0,0.0,49.0,0.0,11
2,2,"01. CEREALES, TUBÉRCULOS Y PLÁTANOS","Arroz blanco grano largo, cocido","Rice, white, long-grain, unenriched, cooked, with salt",100 g,100,125.96,2.69,0.28,28.17,0.4,0.08,0.09,0.08,0.0,10.0,43.0,0.2,35.0,382.0,0.49,0.0,0.0,3.0,0.0,11
3,2,"01. CEREALES, TUBÉRCULOS Y PLÁTANOS","Arroz blanco, grano corto","Rice, white, short-grain, unenriched, raw",100 g,100,347.28,6.5,0.52,79.15,,0.14,0.16,0.14,0.0,3.0,95.0,0.8,76.0,1.0,1.1,0.0,,6.0,0.0,11
4,2,"01. CEREALES, TUBÉRCULOS Y PLÁTANOS","Arroz blanco, grano corto, cocido","Rice, white, short-grain, unenriched, cooked",100 g,100,126.07,2.36,0.19,28.73,,0.05,0.06,0.05,0.0,1.0,33.0,0.2,26.0,0.0,0.4,0.0,,2.0,0.0,11
5,2,"01. CEREALES, TUBÉRCULOS Y PLÁTANOS","Arroz blanco, grano largo crudo","Rice, white, long-grain, raw, unenriched",100 g,100,354.26,7.13,0.66,79.95,1.3,0.18,0.21,0.18,0.0,28.0,115.0,0.8,115.0,5.0,1.09,0.0,0.0,8.0,0.0,11
6,2,"01. CEREALES, TUBÉRCULOS Y PLÁTANOS","Arroz blanco, grano largo, parbolizado, cocido","Rice, white, long-grain, parabolized, unenriched, cooked",100 g,100,119.17,2.91,0.37,26.05,0.9,0.07,0.07,0.09,0.0,19.0,55.0,0.24,56.0,2.0,0.37,0.0,,3.0,0.0,11
7,2,"01. CEREALES, TUBÉRCULOS Y PLÁTANOS","Arroz blanco, grano largo, parbolizado, crudo","Rice, white, long-grain, parabolized, unenriched, dry",100 g,100,362.87,7.51,1.03,80.89,1.8,0.29,0.26,0.32,0.0,71.0,153.0,0.74,174.0,2.0,1.02,0.0,0.0,8.0,0.0,11
8,2,"01. CEREALES, TUBÉRCULOS Y PLÁTANOS","Arroz blanco, grano medio, cocido","Rice, white, medium-grain, unenriched, cooked",100 g,100,125.77,2.38,0.21,28.59,,0.06,0.07,0.06,0.0,3.0,37.0,0.2,29.0,0.0,0.42,0.0,,2.0,0.0,11
9,2,"01. CEREALES, TUBÉRCULOS Y PLÁTANOS","Arroz blanco, grano medio, crudo","Rice, white, medium-grain, unenriched, raw",100 g,100,349.02,6.61,0.58,79.34,,0.16,0.18,0.16,0.0,9.0,108.0,0.8,86.0,1.0,1.16,0.0,,9.0,0.0,11
10,1,"01. CEREALES, TUBÉRCULOS Y PLÁTANOS","Arroz blanco, pulido, enriquecido,precocido","Rice, white, long-grain, precooked, enriched, dry",100 g,100,369.02,7.82,0.94,82.32,1.9,0.15,0.14,0.22,0.0,22.0,118.0,6.3,27.0,10.0,1.43,0.0,0.0,466.0,0.0,11
11,2,"01. CEREALES, TUBÉRCULOS Y PLÁTANOS","Arroz integral, grano largo cocido","Rice, brown, long-grain, cooked",100 g,100,122.01,2.74,0.97,25.58,1.6,0.26,0.37,0.37,0.0,3.0,103.0,0.56,86.0,4.0,0.71,0.0,0.0,9.0,0.0,11
12,2,"01. CEREALES, TUBÉRCULOS Y PLÁTANOS","Arroz integral, grano largo crudo","Rice, brown, long-grain, raw",100 g,100,363.96,7.54,3.2,76.25,3.6,0.59,1.05,1.0,0.0,9.0,311.0,1.29,250.0,5.0,2.13,0.0,0.0,23.0,0.0,11
13,2,"01. CEREALES, TUBÉRCULOS Y PLÁTANOS","Arroz integral, grano medio, cocido","Rice, brown, medium-grain, cooked",100 g,100,110.79,2.32,0.83,23.51,1.8,0.17,0.3,0.3,0.0,10.0,77.0,0.53,79.0,1.0,0.62,0.0,0.0,4.0,0.0,11
14,2,"01. CEREALES, TUBÉRCULOS Y PLÁTANOS","Arroz integral, grano medio, crudo","Rice, brown, medium-grain, raw",100 g,100,358.8,7.5,2.68,76.17,3.4,0.54,0.97,0.96,0.0,33.0,264.0,1.8,268.0,4.0,2.02,0.0,0.0,20.0,0.0,11
15,2,"01. CEREALES, TUBÉRCULOS Y PLÁTANOS","Arroz precocido, eriquecido, crudo","Rice, white, long-grain, precooked or instant, enriched, dry",100 g,100,369.02,7.82,0.94,82.32,1.9,0.15,0.14,0.22,0.0,22.0,118.0,6.3,27.0,10.0,1.43,0.0,0.0,275.0,0.0,11
16,2,"01. CEREALES, TUBÉRCULOS Y PLÁTANOS","Arroz, tipo arrocillo, crudo","Rice, arrocillo type, raw",100 g,100,354.26,7.13,0.66,79.95,1.3,0.18,0.21,0.18,0.0,28.0,115.0,0.8,115.0,5.0,1.09,0.0,0.0,8.0,0.0,11
17,1,"01. CEREALES, TUBÉRCULOS Y PLÁTANOS","Avena, hojuelas, sin fortificar, Mosh","Oats (flakes), unenriched, Mosh",100 g,100,394.74,16.89,6.9,66.27,10.6,1.22,2.18,2.54,0.0,54.0,523.0,4.72,429.0,2.0,3.97,0.0,0.0,56.0,0.0,11
18,1,"01. CEREALES, TUBÉRCULOS Y PLÁTANOS","Avena, molida, Quaker","Oats, ground, Quaker",100 g,100,372.9,15.5,6.1,64.0,10.9,1.08,1.92,2.23,0.0,357.0,357.0,28.93,354.0,286.0,3.07,0.0,1072.0,464.0,0.0,11
19,5,"01. CEREALES, TUBÉRCULOS Y PLÁTANOS","Brazo gitano, relleno de dulce, promedio","Swiss roll, wheat flour, eggs, butter, sweet filling, commercially prepared",100 g,100,231.58,3.99,8.18,35.5,,,,,,18.0,92.0,0.59,67.0,178.0,0.35,,,,,11
20,2,"01. CEREALES, TUBÉRCULOS Y PLÁTANOS",Cebada perlada,"Barley, pearled, raw",100 g,100,360.96,9.91,1.16,77.72,15.6,0.24,0.15,0.56,0.0,29.0,221.0,2.5,280.0,9.0,213.0,0.0,1.0,23.0,0.0,11
21,1,"01. CEREALES, TUBÉRCULOS Y PLÁTANOS","Cebada, arroz de cebada, cruda","Barley rice, raw",100 g,100,364.54,12.48,2.3,73.48,17.3,0.48,0.29,1.11,0.0,33.0,264.0,3.6,452.0,12.0,2.77,0.0,1.0,19.0,0.0,11
22,1,"01. CEREALES, TUBÉRCULOS Y PLÁTANOS","Cebada, perlada, grano entero","Barley, hulled, whole grain",100 g,100,364.54,12.48,2.3,73.48,17.3,0.48,0.29,1.11,0.0,33.0,264.0,3.6,452.0,12.0,2.77,0.0,1.0,19.0,0.0,12
23,1,"01. CEREALES, TUBÉRCULOS Y PLÁTANOS","Cebada, tapioca, perlada, seca","Barley flour, tapioca, pearl,raw",100 g,100,355.7,0.19,0.02,88.69,0.9,0.0,0.0,0.0,0.0,20.0,7.0,1.58,11.0,1.0,0.12,0.0,0.0,4.0,0.0,12
24,1,"01. CEREALES, TUBÉRCULOS Y PLÁTANOS","Centeno, grano, crudo","Rye, grain, raw",100 g,100,360.58,14.76,2.5,69.76,14.6,0.29,0.3,1.12,0.0,33.0,374.0,2.67,264.0,6.0,3.73,0.0,1.0,60.0,0.0,12
25,7,"01. CEREALES, TUBÉRCULOS Y PLÁTANOS","Cereal desayuno, amaranto, horneado, Nutrial","Cereal, breakfast, baked amaranth, Nutrial",100 g,100,404.55,13.64,4.55,77.27,,0.0,0.0,0.0,0.0,,,,,68.18,,,,,,12
26,2,"01. CEREALES, TUBÉRCULOS Y PLÁTANOS","Cereal desayuno, arroz crocante","Cereal, breakfast, crispy rice",100 g,100,391.46,7.32,1.22,87.8,0.0,0.0,,,0.0,0.0,98.0,30.73,98.0,585.0,18.29,14.6,731.7,878.0,8.78,12
27,2,"01. CEREALES, TUBÉRCULOS Y PLÁTANOS","Cereal desayuno, arroz crocante","Cereal, Breakfast, Kellogg´s, corn pops",100 g,100,389.7,4.8,1.3,89.7,8.4,0.5,0.2,0.5,0.0,7.0,52.0,6.0,113.0,357.0,5.0,20.0,467.0,333.0,5.0,12
28,2,"01. CEREALES, TUBÉRCULOS Y PLÁTANOS","Cereal desayuno, arroz crocante sabor a chocolate","Cereal, breakfast, crispy rice, chocolate flavor",100 g,100,389.97,3.33,3.33,86.67,1.7,0.0,,,0.0,0.0,,6.0,,300.0,5.0,0.0,500.1,,2.0,12
29,2,"01. CEREALES, TUBÉRCULOS Y PLÁTANOS","Cereal desayuno, con pasas, Kellog’s","Cereal, breakfast, raisin bran, Kellogg’s",100 g,100,364.52,7.72,2.72,77.29,11.4,0.48,0.34,0.95,0.0,43.0,347.0,12.33,653.0,356.0,3.39,0.0,386.0,201.0,19.0,12
30,1,"01. CEREALES, TUBÉRCULOS Y PLÁTANOS","Cereal desayuno, corn flakes con miel, Kellog’s","Cereal, breakfast, honey crunch corn flakes, Kellogg’s",100 g,100,392.3,6.8,1.9,87.0,3.4,0.3,1.0,0.6,0.0,22.0,60.0,6.2,102.0,700.0,0.3,20.0,502.0,553.0,5.0,12
31,7,"01. CEREALES, TUBÉRCULOS Y PLÁTANOS","Cereal desayuno, de arroz, con quinoa y chia, sabor a chile, Livekuna","Cereal, breakfast, from rice, with quinua and chia, chile flavour, Livekuna",100 g,100,448.57,8.57,14.29,71.43,2.86,2.86,4.29,8.57,0.0,,,,,514.29,,,,,,12
32,1,"01. CEREALES, TUBÉRCULOS Y PLÁTANOS","Cereal desayuno, froot loops, trix, Kellog’s","Cereal, breakfast, froot loops, trix, Kellogg’s",100 g,100,397.98,5.04,3.1,87.48,2.5,1.52,0.43,0.68,0.0,14.0,112.0,20.4,120.0,501.0,19.0,47.0,467.0,585.0,7.07,12
33,7,"01. CEREALES, TUBÉRCULOS Y PLÁTANOS","Cereal desayuno, granola, con miel y pasas, Schullo","Cereal, Breakfast, granola, with honey and raisins, Schullo",100 g,100,471.11,15.56,17.78,62.22,8.89,2.22,11.11,3.33,0.0,,,,,66.67,,,,,,12
34,2,"01. CEREALES, TUBÉRCULOS Y PLÁTANOS","Cereal desayuno, granola, con trigo y miel","Cereal, breakfast, granola, wheat & honey",100 g,100,441.38,10.55,11.62,73.65,10.2,1.24,6.6,2.68,2.0,109.0,357.0,392.0,483.0,50.0,2.95,0.2,2.0,37.0,0.17,12
35,1,"01. CEREALES, TUBÉRCULOS Y PLÁTANOS","Cereal desayuno, granola, muesli con frutas secas y nueces, promedio","Cereal, breakfast, granola, muesli, dried fruit & nuts, average",100 g,100,393.4,8.0,4.6,80.0,5.0,0.85,2.12,1.14,0.0,36.0,273.0,2.0,279.0,376.0,1.1,0.0,0.0,13.0,0.0,12
36,2,"01. CEREALES, TUBÉRCULOS Y PLÁTANOS","Cereal desayuno, granola, preparada en casa","Cereal, breakfast, granola, homemade",100 g,100,488.99,13.67,24.31,53.88,8.9,3.96,10.95,7.81,0.0,76.0,431.0,3.95,539.0,26.0,4.17,1.2,1.0,84.0,0.0,12
37,1,"01. CEREALES, TUBÉRCULOS Y PLÁTANOS","Cereal desayuno, hojuelas azucaradas, zucaritas, Kellog’s","Cereal, breakfast, sugared flakes, zucaritas, Kellogg’s",100 g,100,379.08,3.3,0.52,90.3,3.2,0.17,0.09,0.3,0.0,5.0,34.0,14.5,73.0,479.0,0.18,20.0,517.0,543.0,5.0,12
38,2,"01. CEREALES, TUBÉRCULOS Y PLÁTANOS","Cereal desayuno, hojuelas de maíz, original, Kellog’s","Cereal, breakfast, corn flakes, natural, Kellogg’s",100 g,100,370.0,7.5,0.4,84.1,3.3,0.12,0.07,0.2,0.0,5.0,102.0,28.9,168.0,729.0,1.0,21.0,490.0,34.0,357.0,12
39,1,"01. CEREALES, TUBÉRCULOS Y PLÁTANOS","Cereal desayuno, hojuelas de trigo, All-bran","Cereal, breakfast, wheat flakes, All-bran",100 g,100,393.62,13.14,4.9,74.24,29.3,0.64,0.67,2.11,0.0,389.0,1150.0,17.6,1020.0,242.0,12.4,20.0,525.0,2198.0,18.8,12
40,1,"01. CEREALES, TUBÉRCULOS Y PLÁTANOS","Cereal desayuno, Nesquik, sabor chocolate, Nestlé","Cereal, breakfast, Nesquik, chocolate flavour, Nestle",100 g,100,408.6,5.0,5.4,85.0,0.0,1.3,,,0.0,333.0,133.0,15.0,223.0,615.0,12.5,20.0,501.0,553.0,5.0,12
41,2,"01. CEREALES, TUBÉRCULOS Y PLÁTANOS","Cereal desayuno, Special K, Kellog’s","Cereal, breakfast, Special K, Kellogg’s",100 g,100,381.0,17.8,1.8,73.4,1.4,0.4,0.3,0.4,0.0,23.0,48.0,28.0,53.0,667.0,0.7,68.0,500.1,1290.0,19.4,12
42,7,"01. CEREALES, TUBÉRCULOS Y PLÁTANOS","Cereal para niños, de trigo y leche, Cerelac","Children’s cereal, with milk, wheat and milk, Cerelac",100 g,100,413.5,15.0,9.5,67.0,2.0,4.26,3.2,1.94,21.0,,,,,150.0,,,,,,12
43,5,"01. CEREALES, TUBÉRCULOS Y PLÁTANOS","Chibil, masa de maíz, cocido al vapor, comercialmente preparado","Chibil, maize dough, steamed, commercially prepared",100 g,100,261.2,4.54,17.64,21.07,,,,,,52.0,119.0,27.99,88.0,461.0,0.92,,,,,13
44,7,"01. CEREALES, TUBÉRCULOS Y PLÁTANOS","Cous-cous, crudo, Dececco","Cous-cous, raw, Dececco",100 g,100,349.5,13.0,1.5,71.0,3.4,0.2,,,,,,,,0.01,,,,,,13
45,5,"01. CEREALES, TUBÉRCULOS Y PLÁTANOS","Emborrajados, guineo, harina de trigo, frito, comercialmente preparado","Emborrajados, banana, wheat flour, fried, commercially prepared",100 g,100,211.99,2.42,7.79,33.05,,,,,,21.0,172.0,5.22,804.0,76.0,1.66,,,,,13
46,7,"01. CEREALES, TUBÉRCULOS Y PLÁTANOS","Empanada, de morocho, con carne, Tasty","Empanada, de morocho, with meat, Tasty",100 g,100,137.5,6.25,2.5,22.5,0.0,0.63,1.25,0.0,5.0,,,,,,,,,,,13
47,5,"01. CEREALES, TUBÉRCULOS Y PLÁTANOS","Empanadas, de viento, harina de trigo, frito, comercialmente preparado","Wind empanada, wheat flour, fried, commercially prepared",100 g,100,356.75,8.72,12.15,53.13,,,,,,16.0,145.0,1.61,61.0,,0.61,,,,,13
48,7,"01. CEREALES, TUBÉRCULOS Y PLÁTANOS","Galletas de dulce, con crema, sabor a fresa, Festival","Cookie, sweet, with cream, strawberry flavor, Festival",100 g,100,467.26,5.95,14.88,77.38,0.0,7.44,5.95,1.49,0.0,,,,,193.45,,,,,,13
49,1,"01. CEREALES, TUBÉRCULOS Y PLÁTANOS","Galletas dulces, con chispas de chocolate, promedio","Cookies, sweet, with chocolate chips, average",100 g,100,455.0,5.8,15.4,73.3,3.6,3.81,6.09,4.65,0.0,19.0,84.0,3.07,123.0,377.0,0.7,0.0,0.0,115.0,0.0,13
50,1,"01. CEREALES, TUBÉRCULOS Y PLÁTANOS","Galletas dulces, de chocolate, promedio","Cookies, sweet, of chocolate, average",100 g,100,443.8,6.6,14.2,72.4,3.4,4.24,4.86,4.15,2.0,31.0,132.0,4.01,210.0,580.0,1.09,0.0,3.0,96.0,0.09,13
51,1,"01. CEREALES, TUBÉRCULOS Y PLÁTANOS","Galletas dulces, tipo María, promedio","Cookie, sweet, Maria Type, average",100 g,100,481.9,5.1,21.1,67.9,0.8,5.43,11.84,2.66,51.0,21.0,80.0,2.14,63.0,357.0,0.43,0.0,26.0,82.0,0.19,13
52,1,"01. CEREALES, TUBÉRCULOS Y PLÁTANOS","Galletas dulces, tipo wafle con relleno, promedio","Cookies, sugar wafers with cream filling, average",100 g,100,515.5,4.1,24.3,70.1,0.6,3.62,10.33,9.16,0.0,18.0,56.0,1.95,59.0,147.0,0.35,0.0,0.0,84.0,0.0,13
53,7,"01. CEREALES, TUBÉRCULOS Y PLÁTANOS","Galletas, de agua, tipo saltinas, con sal, Soda","Cookies, crackers, saltines type, Soda",100 g,100,422.67,9.22,11.35,70.91,3.0,1.66,7.0,1.25,0.0,68.0,101.0,5.69,154.0,1072.0,0.83,0.0,0.0,215.0,0.0,13
54,1,"01. CEREALES, TUBÉRCULOS Y PLÁTANOS","Galletas, de avena, promedio","Cookies, oatmeal, average",100 g,100,462.5,6.2,18.1,68.7,2.8,4.52,10.02,2.54,0.0,37.0,138.0,2.58,142.0,383.0,0.79,1.0,5.0,95.0,0.0,13
55,7,"01. CEREALES, TUBÉRCULOS Y PLÁTANOS","Galletas, Melvas con chocolate, Delipan","Cookie, sweet, Melvas Type, Delipan",100 g,100,519.48,6.66,26.64,63.27,,16.65,8.33,3.33,36.63,,,0.03,,49.95,,,,,,13
56,7,"01. CEREALES, TUBÉRCULOS Y PLÁTANOS","Galletas, orejas tradicionales, Delipan","Cookie, sweet, Oejas Type, traditional, Delipan",100 g,100,519.48,6.66,26.64,63.27,,13.32,9.99,3.33,29.97,,,,,299.7,,,,,,13
57,2,"01. CEREALES, TUBÉRCULOS Y PLÁTANOS","Galletas, oreo, Nabisco","Cookies, oreo, Nabisco",100 g,100,493.54,4.78,21.5,70.23,3.2,4.14,3.17,0.82,,24.0,103.0,4.9,194.0,528.0,1.23,,3.0,30.0,0.02,13
58,7,"01. CEREALES, TUBÉRCULOS Y PLÁTANOS","Galletas, original, con sal, Club Social","Cookies, original, with salt, Club Social",100 g,100,446.15,7.69,15.38,69.23,,5.77,7.69,0.0,0.0,,,,,769.23,,,,,,13
59,7,"01. CEREALES, TUBÉRCULOS Y PLÁTANOS","Galletas, original, con sal, Ducales","Cookies, original, with salt, Ducales",100 g,100,477.78,7.41,18.52,70.37,0.0,7.41,7.41,1.85,0.0,,,,,666.67,,,,,,13
60,7,"01. CEREALES, TUBÉRCULOS Y PLÁTANOS","Galletas, original, con sal, Salticas Mini","Cookies, original, with salt, Salticas Mini",100 g,100,486.67,10.0,20.0,66.67,,8.33,8.33,1.67,0.0,,,,,800.0,,,,,,13
61,1,"01. CEREALES, TUBÉRCULOS Y PLÁTANOS","Galletas, tipo tango, promedio","Cookie, sweet, TangoType, average",100 g,100,484.0,4.0,20.0,72.0,4.0,12.0,,,0.0,,,,,160.0,,,,,,13
62,7,"01. CEREALES, TUBÉRCULOS Y PLÁTANOS","Granola, en barra, Quinde","Granola, bar, Quinde",100 g,100,476.2,10.1,19.8,64.4,5.3,2.37,4.38,12.05,0.0,61.0,277.0,2.95,336.0,294.0,2.03,0.9,2.0,23.0,0.0,13
63,7,"01. CEREALES, TUBÉRCULOS Y PLÁTANOS","Harina de amaranto, Camari","Amaranth flour, Camari",100 g,100,390.1,12.0,6.1,71.8,3.5,,,,,,530.0,0.0,,,,,,,,13
64,1,"01. CEREALES, TUBÉRCULOS Y PLÁTANOS","Harina de cauca, de maíz blanco pilado, enriquecida","Cauca flour, maiz flour, enriched",100 g,100,359.49,8.48,1.65,77.68,7.4,0.22,0.41,0.71,0.0,5.0,84.0,4.13,,3.0,0.72,0.0,0.0,363.0,0.0,14
65,2,"01. CEREALES, TUBÉRCULOS Y PLÁTANOS","Harina de cebada, machica",Barley flour,100 g,100,377.32,9.09,1.52,81.82,9.1,0.0,,,0.0,27.0,,0.03,327.0,0.0,,,,,0.0,14
66,1,"01. CEREALES, TUBÉRCULOS Y PLÁTANOS",Harina de centeno,Rye flour,100 g,100,363.45,9.39,1.77,77.49,14.6,0.2,0.21,0.77,0.0,24.0,207.0,2.12,340.0,3.0,1.99,0.0,0.0,19.0,0.0,14
67,3,"01. CEREALES, TUBÉRCULOS Y PLÁTANOS","Harina de maíz, morada, negro/ azul","Maiz flour, purple, black/blue",100 g,100,364.6,7.3,3.4,76.2,,,,,,12.0,328.0,0.2,,,,2.1,8.0,,,14
68,1,"01. CEREALES, TUBÉRCULOS Y PLÁTANOS","Harina de maíz, promedio, Maizabrosa","Maiz flour, average, Maizabrosa",100 g,100,360.1,8.5,1.7,77.7,7.4,,,,,110.0,84.0,2.9,162.0,3.0,0.7,0.0,662.0,,0.0,14
69,4,"01. CEREALES, TUBÉRCULOS Y PLÁTANOS","Harina de trigo, integral","Wheat flour, whole-grain",100 g,100,358.9,13.8,2.1,71.2,11.4,0.4,0.3,1.1,0.0,48.0,390.0,4.0,500.0,3.0,3.4,0.0,0.0,49.0,0.0,14
70,1,"01. CEREALES, TUBÉRCULOS Y PLÁTANOS","Harina de trigo, refinada, fortificada","Wheat flour, white, enriched",100 g,100,355.38,10.33,0.98,76.31,2.7,0.16,0.09,0.41,0.0,15.0,108.0,4.64,107.0,2.0,0.7,0.0,0.0,291.0,0.0,14
71,7,"01. CEREALES, TUBÉRCULOS Y PLÁTANOS","Humitas de sal, Valle Lojano","Salt Humitas, Valle lojano",100 g,100,256.0,4.67,13.33,29.33,0.0,4.67,,,58.67,,,,,,,,,,,14
72,1,"01. CEREALES, TUBÉRCULOS Y PLÁTANOS","Maicena, almidón de maíz",Cornstarch,100 g,100,346.6,0.6,0.2,85.6,0.9,0.01,0.02,0.03,0.0,8.0,16.0,,3.0,9.0,0.06,0.0,0.0,0.0,0.0,14
73,1,"01. CEREALES, TUBÉRCULOS Y PLÁTANOS","Maíz amarillo, crudo","Maiz, yellow, raw",100 g,100,377.38,9.42,4.74,74.26,7.3,0.67,1.25,2.16,0.0,7.0,210.0,2.71,287.0,35.0,2.21,0.0,11.0,19.0,0.0,14
74,4,"01. CEREALES, TUBÉRCULOS Y PLÁTANOS","Maíz amarillo, tipo chulpi","Maiz, yellow corn, chulpi type",100 g,100,366.4,7.7,5.2,72.2,,,,,,5.0,14.0,2.5,,,,2.0,7.0,310.0,,14
75,1,"01. CEREALES, TUBÉRCULOS Y PLÁTANOS","Maíz amarillo, tostado","Maiz, yellow, toasted",100 g,100,468.32,10.0,15.0,73.33,6.7,1.67,,,0.0,0.0,,1.2,,600.0,,0.0,0.0,,,14
76,1,"01. CEREALES, TUBÉRCULOS Y PLÁTANOS","Maíz blanco, grano pilado o trillado, morocho, crudo","Maiz, white, threshed, raw",100 g,100,303.3,8.7,0.9,65.1,,,,,,4.0,71.0,2.0,,,,0.0,0.0,,,14
77,3,"01. CEREALES, TUBÉRCULOS Y PLÁTANOS","Maíz blanco, tipo mote, sin pelar","Maiz, white, mote type, unpeeled",100 g,100,351.1,5.7,1.5,78.7,,,,,,9.0,166.0,4.4,,,,2.1,0.0,,,14
78,2,"01. CEREALES, TUBÉRCULOS Y PLÁTANOS","Maíz canguil, dulce, de caramelo","Popcorn, sweet, caramel flavour",100 g,100,420.29,3.12,7.81,84.38,3.01,4.69,,,16.0,62.0,,2.25,452.0,281.0,,0.0,93.6,,,14
79,1,"01. CEREALES, TUBÉRCULOS Y PLÁTANOS","Maíz canguil, con sal y aceite, Palomitas de maíz","Popcorn, air-popped, with salt and oil",100 g,100,517.7,9.0,28.1,57.2,10.0,4.89,8.17,13.42,0.0,10.0,250.0,2.78,225.0,884.0,2.64,0.0,1.0,17.0,0.0,14
80,7,"01. CEREALES, TUBÉRCULOS Y PLÁTANOS","Maíz tostado, con chicharron, Kikos","Toasted corn, with chicharron, Kikos",100 g,100,503.33,23.33,23.33,50.0,,3.33,13.33,3.33,86.67,,,,,,,,,,,14
81,2,"01. CEREALES, TUBÉRCULOS Y PLÁTANOS","Maíz y trigo, tortilla","Maiz, corn and wheat, tortilla",100 g,100,197.56,4.88,2.44,39.02,2.4,0.0,,,0.0,49.0,,0.88,,220.0,,0.0,0.0,,,14
82,1,"01. CEREALES, TUBÉRCULOS Y PLÁTANOS","Maíz, negro/azul, grano entero, crudo","Maiz, black beans, whole grain, raw",100 g,100,377.38,9.42,4.74,74.26,,0.67,1.25,2.16,0.0,7.0,210.0,2.71,287.0,35.0,2.21,0.0,0.0,,0.0,14
83,2,"01. CEREALES, TUBÉRCULOS Y PLÁTANOS","Maíz, tipo canguil, crudo","Maiz, popcorn, raw",100 g,100,403.74,12.94,4.54,77.78,14.5,0.64,0.95,2.32,0.0,7.0,358.0,3.19,329.0,8.0,3.08,0.0,10.0,31.0,0.0,14
84,7,"01. CEREALES, TUBÉRCULOS Y PLÁTANOS","Maíz, tipo chulpi, picante, Las popis","Maiz, chulpi type, spicy chulpi corn, Las popis",100 g,100,506.67,10.0,26.67,56.67,3.33,6.67,10.0,10.0,,,,,,566.67,,,,,,14
85,7,"01. CEREALES, TUBÉRCULOS Y PLÁTANOS","Maíz, tipo chulpi, sabor ají criollo, Dicorne","Maiz, chulpi type, spicy corn flavour, Dicorne",100 g,100,470.0,10.0,16.67,70.0,,3.33,6.67,8.33,0.0,,,,,500.0,,,,,,14
86,7,"01. CEREALES, TUBÉRCULOS Y PLÁTANOS","Maíz, tipo tostado, picante, La Quiteña","Maiz, tostado type, spicy roasted corn, La Quiteña",100 g,100,486.67,6.67,20.0,70.0,0.0,5.0,6.67,6.67,0.0,,,,,416.67,,,,,,14
87,1,"01. CEREALES, TUBÉRCULOS Y PLÁTANOS","Maíz, tortilla de maíz amarillo, asada","Maiz, yellow corn, tortilla, roasted",100 g,100,143.8,2.7,0.6,31.9,,,,,,26.0,17.0,1.0,,,,,,,,15
88,7,"01. CEREALES, TUBÉRCULOS Y PLÁTANOS","Maíz, tortillas de maíz, artesanales, Taconazo","Maiz, corn tortillas, handmade, Taconazo",100 g,100,256.67,6.67,3.33,50.0,,0.0,0.0,0.0,,,,,,0.0,,,,,,15
89,5,"01. CEREALES, TUBÉRCULOS Y PLÁTANOS","Mote pillo, maíz blanco cocido, huevo, frito, comercialmente preparado, con sal","Mote pillo, cooked white maize, scrambled eggs, salt, fried, commercially prepared",100 g,100,157.15,2.35,7.31,20.49,,,,,,9.0,66.0,0.7,60.0,264.0,0.44,,,,,15
90,5,"01. CEREALES, TUBÉRCULOS Y PLÁTANOS","Mote sucio, maíz blanco cocido, manteca negra de cerdo, chicharrón, frito, comercialmente preparado","Mote sucio, cooked white maize, black lard, pork cracklings, fried, commercially prepared",100 g,100,157.54,,7.18,23.23,,,,,,26.0,233.0,1.93,304.0,720.0,1.59,,,,,15
91,2,"01. CEREALES, TUBÉRCULOS Y PLÁTANOS","Pan de centeno, tostado","Bread, rye, toasted",100 g,100,282.4,9.4,3.6,53.1,6.4,0.69,1.44,0.87,0.0,80.0,138.0,3.1,183.0,664.0,1.25,0.2,0.0,148.0,0.0,15
92,1,"01. CEREALES, TUBÉRCULOS Y PLÁTANOS","Pan, blanco, rodaja, cuadrado, suave, Supan","Bread, white, slice, soft, Supan",100 g,100,262.61,7.64,3.29,50.61,2.4,0.72,0.68,1.36,0.0,151.0,99.0,3.74,100.0,681.0,0.74,0.0,0.0,171.0,0.0,15
93,1,"01. CEREALES, TUBÉRCULOS Y PLÁTANOS","Pan, blanco, rodaja, cuadrado, tostado, Supan","Bread, white, slice, toasted, Supan",100 g,100,289.6,9.0,4.0,54.4,2.5,0.58,0.8,2.09,1.0,119.0,103.0,3.33,1.31,592.0,0.68,0.0,0.0,159.0,0.02,15
94,1,"01. CEREALES, TUBÉRCULOS Y PLÁTANOS","Pan, blanco, tipo pita","Bread, pita, white, enriched",100 g,100,270.0,9.1,1.2,55.7,2.2,0.17,0.1,0.54,0.0,86.0,97.0,1.4,120.0,536.0,0.84,0.0,0.0,24.0,0.0,15
95,5,"01. CEREALES, TUBÉRCULOS Y PLÁTANOS","Pan, de bizcocho, horneado, comercialmente preparado","Bread, biscuit, baked, commercially prepared",100 g,100,345.7,7.5,6.5,64.3,,,,,,7.0,54.0,1.79,84.0,387.0,0.69,,,,,15
96,5,"01. CEREALES, TUBÉRCULOS Y PLÁTANOS","Pan, de cachos, horneado, comercialmente preparado","Bread, croissant, baked, commercially prepared",100 g,100,332.0,9.5,6.8,58.2,,,,,,7.0,18.0,1.57,57.0,298.0,0.61,,,,,15
97,5,"01. CEREALES, TUBÉRCULOS Y PLÁTANOS","Pan, de caracol, dulce, horneado, comercialmente preparado","Bread, snail, sweet, baked, commercially prepared",100 g,100,310.2,7.1,5.8,57.4,,,,,,16.0,77.0,2.7,79.0,47.0,0.64,,,,,15
98,1,"01. CEREALES, TUBÉRCULOS Y PLÁTANOS","Pan, de centeno","Bread, rye",100 g,100,256.7,9.2,0.7,53.4,5.8,0.63,1.31,0.8,0.0,38.0,178.0,2.8,166.0,660.0,1.14,0.0,0.0,151.0,0.0,15
99,5,"01. CEREALES, TUBÉRCULOS Y PLÁTANOS","Pan, de chocolate, horneado, comercialmente preparado","Bread, chocolate, baked, commercially prepared",100 g,100,327.4,8.8,5.8,60.0,,,,,,67.0,89.0,1.02,66.0,384.0,0.93,,,,,15
100,2,"01. CEREALES, TUBÉRCULOS Y PLÁTANOS","Pan, de germen de trigo/trigo entero","Bread, wheat germ",100 g,100,252.14,12.45,3.5,42.71,6.0,0.72,0.62,1.59,0.0,161.0,212.0,2.47,254.0,455.0,1.77,0.0,0.0,42.0,0.0,15
101,5,"01. CEREALES, TUBÉRCULOS Y PLÁTANOS","Pan, de leche, horneado, comercialmente preparado","Bread, milk, baked, commercially prepared",100 g,100,346.6,8.9,7.4,61.1,,,,,,38.0,161.9,1.55,79.0,297.0,0.66,,,,,15
102,5,"01. CEREALES, TUBÉRCULOS Y PLÁTANOS","Pan, de maíz, horneado, comercialmente preparado","Bread, corn, baked, commercially prepared",100 g,100,317.2,8.6,3.6,62.6,,,,,,21.0,72.0,1.86,71.0,334.0,0.97,,,,,15
103,2,"01. CEREALES, TUBÉRCULOS Y PLÁTANOS","Pan, de salvado de trigo, tipo bagel","Bread, wheat bran, bagel",100 g,100,250.13,10.2,1.53,48.89,4.1,0.0,0.29,0.94,0.0,20.0,142.0,2.76,175.0,439.0,1.1,0.0,0.0,76.0,0.0,15
104,2,"01. CEREALES, TUBÉRCULOS Y PLÁTANOS","Pan, de trigo","Bread, wheat",100 g,100,273.61,10.67,4.53,47.54,4.0,0.69,0.61,1.61,0.0,125.0,141.0,3.6,141.0,473.0,1.04,0.2,0.0,99.0,0.0,15
105,2,"01. CEREALES, TUBÉRCULOS Y PLÁTANOS","Pan, de trigo, tostado","Bread, wheat, toasted",100 g,100,313.35,12.96,4.27,55.77,4.7,0.99,1.02,1.72,0.0,165.0,223.0,4.09,223.0,601.0,1.47,0.2,0.0,100.0,0.0,15
106,5,"01. CEREALES, TUBÉRCULOS Y PLÁTANOS","Pan, de yemas, con sal, horneado, comercialmente preparado","Bread, egg yolk, salt, baked, commercially prepared",100 g,100,304.8,9.2,4.0,58.0,,,,,,9.0,169.0,7.94,152.0,90.0,1.69,,,,,15
107,2,"01. CEREALES, TUBÉRCULOS Y PLÁTANOS","Pan, de yuca","Bread, cassava",100 g,100,301.25,7.5,11.25,42.5,0.0,6.25,,,50.0,150.0,,0.0,,875.0,,0.0,75.0,,,16
108,5,"01. CEREALES, TUBÉRCULOS Y PLÁTANOS","Pan, empanada, dulce, horneado, comercialmente preparado","Bread, empanada, sweet, baked, commercially prepared",100 g,100,342.4,8.6,7.2,60.8,,,,,,49.0,90.0,1.43,70.0,206.0,0.7,,,,,16
109,5,"01. CEREALES, TUBÉRCULOS Y PLÁTANOS","Pan, empanada, sal, horneado, comercialmente preparado","Bread, empanada, salt, baked, commercially prepared",100 g,100,338.3,9.3,7.1,59.3,,,,,,60.0,103.0,1.66,81.0,395.0,0.92,,,,,16
110,5,"01. CEREALES, TUBÉRCULOS Y PLÁTANOS","Pan, enquesillado, rodillas de cristo, horneado, comercialmente preparado","Bread, topped cheese, baked, commercially prepared",100 g,100,345.1,9.7,8.3,57.9,,,,,,12.0,55.0,7.21,183.0,171.0,2.49,,,,,16
111,2,"01. CEREALES, TUBÉRCULOS Y PLÁTANOS","Pan, integral, de trigo","Bread, whole-wheat, ordinary",100 g,100,253.55,12.3,3.55,43.1,6.0,0.73,0.62,1.61,,163.0,212.0,2.56,250.0,450.0,1.76,,,42.0,,16
112,2,"01. CEREALES, TUBÉRCULOS Y PLÁTANOS","Pan, integral, de trigo, tostado","Bread, whole-wheat, ordinary, toasted",100 g,100,306.35,16.27,4.07,51.16,7.5,0.92,1.97,0.74,0.0,130.0,303.0,2.96,326.0,565.0,2.15,0.0,0.0,52.0,0.0,16
113,1,"01. CEREALES, TUBÉRCULOS Y PLÁTANOS","Pan, integral, rodaja, cuadrado, suave","Bread, whole-wheat, slice, soft",100 g,100,261.0,9.7,4.2,46.1,6.9,0.92,1.68,1.0,0.0,72.0,229.0,3.3,252.0,527.0,1.94,0.0,0.0,50.0,0.01,16
114,1,"01. CEREALES, TUBÉRCULOS Y PLÁTANOS","Pan, integral, rodaja, cuadrado, tostado","Bread, whole-wheat, slice, toasted",100 g,100,293.6,10.9,4.8,51.7,7.4,1.03,1.89,1.13,0.0,81.0,258.0,3.71,283.0,592.0,2.18,0.0,0.0,39.0,0.01,16
115,1,"01. CEREALES, TUBÉRCULOS Y PLÁTANOS","Pan, integral, tipo pita","Bread, pita, whole-wheat",100 g,100,282.6,9.8,2.6,55.0,7.4,0.41,0.35,1.05,0.0,15.0,180.0,3.06,170.0,532.0,1.52,0.0,0.0,35.0,0.0,16
116,5,"01. CEREALES, TUBÉRCULOS Y PLÁTANOS","Pan, mestizo de sal, con queso, horneado, comercialmente preparado","Bread, mix white and brown wheat dough, cheese, salt, baked, commercially prepared",100 g,100,304.8,8.8,3.6,59.3,,,,,,64.0,121.0,2.22,111.0,396.0,1.04,,,,,16
117,2,"01. CEREALES, TUBÉRCULOS Y PLÁTANOS","Pan, negro, de centeno","Bread, pumpernickel",100 g,100,252.7,8.7,3.1,47.5,6.8,0.44,0.93,1.24,0.0,68.0,178.0,2.87,208.0,596.0,1.48,0.0,0.0,93.0,0.0,16
118,2,"01. CEREALES, TUBÉRCULOS Y PLÁTANOS","Pan, negro, de centeno, tostado","Bread, pumpernickel, toasted",100 g,100,277.73,9.56,3.41,52.2,7.1,0.48,1.02,1.36,0.0,75.0,196.0,3.15,229.0,655.0,1.63,0.0,0.0,87.0,0.0,16
119,2,"01. CEREALES, TUBÉRCULOS Y PLÁTANOS","Pan, para hamburguesa o hotdog, multicereal","Bread, hamburger/hotdog, mixed-grain",100 g,100,270.8,9.6,6.0,44.6,3.8,1.39,2.84,1.15,0.0,95.0,122.0,3.95,160.0,458.0,1.05,0.0,0.0,111.0,0.01,16
120,2,"01. CEREALES, TUBÉRCULOS Y PLÁTANOS","Pan, para hamburguesa o hotdog, regular","Brad, rolls,hamburger or hotdog, plain",100 g,100,274.75,9.77,3.91,50.12,1.8,0.84,0.75,1.78,0.0,144.0,101.0,3.43,122.0,494.0,0.73,1.3,29.0,94.0,0.2,16
121,2,"01. CEREALES, TUBÉRCULOS Y PLÁTANOS","Pasta, fideo chino, fortificado, cocido","Pasta, noodles, enriched, cooked",100 g,100,137.43,4.54,2.07,25.16,1.2,0.42,0.58,0.55,29.0,12.0,76.0,1.47,38.0,5.0,0.65,0.0,6.0,84.0,0.09,16
122,2,"01. CEREALES, TUBÉRCULOS Y PLÁTANOS","Pasta, fideo chino, fortificado, crudo","Pasta, noodles, enriched, uncooked",100 g,100,381.68,14.16,4.44,71.27,3.3,1.18,1.25,1.33,84.0,35.0,2.41,4.01,244.0,21.0,1.92,0.0,17.0,230.0,0.29,16
123,2,"01. CEREALES, TUBÉRCULOS Y PLÁTANOS","Pasta, fideo de arroz, cocido","Pasta, rice noodles,cooked",100 g,100,105.0,1.79,0.2,24.01,1.0,0.02,0.03,0.02,0.0,4.0,20.0,0.14,4.0,19.0,0.25,0.0,0.0,1.0,0.0,16
124,2,"01. CEREALES, TUBÉRCULOS Y PLÁTANOS","Pasta, fideo de arroz, crudo","Pasta, rice noodles, uncooked",100 g,100,349.56,5.95,0.56,80.18,1.6,0.15,0.18,0.15,0.0,18.0,0.7,10.57,30.0,182.0,0.74,0.0,0.0,3.0,0.0,16
125,1,"01. CEREALES, TUBÉRCULOS Y PLÁTANOS","Pasta, fideo, sin enriquecer, cocida","Pasta, noodles, unenriched, cooked",100 g,100,155.01,5.8,0.93,30.86,1.18,0.18,0.13,0.32,0.0,7.0,58.0,0.5,45.0,1.0,0.5,0.0,0.0,7.0,0.0,16
126,1,"01. CEREALES, TUBÉRCULOS Y PLÁTANOS","Pasta, fideo, sin enriquecer, cruda","Pasta, noodles, unenriched, raw",100 g,100,364.83,13.04,1.51,74.77,3.2,0.28,0.17,0.56,0.0,18.0,150.0,130.0,162.0,5.0,1.26,0.0,0.0,18.0,0.0,16
127,1,"01. CEREALES, TUBÉRCULOS Y PLÁTANOS","Pasta, fideo, sin enriquecer, promedio","Pasta, noodles, unenriched, ordinary",100 g,100,355.4,10.3,1.0,76.3,6.3,0.45,0.69,1.42,0.0,81.0,314.0,1.23,186.0,45.0,1.31,0.0,2.0,5.0,0.0,17
128,1,"01. CEREALES, TUBÉRCULOS Y PLÁTANOS","Pasta, fideo/spaghetti, de espinaca, cocida","Pasta, fideo/spaghetti, spinach, cooked",100 g,100,128.59,4.58,0.63,26.15,0.0,0.09,0.07,0.26,0.0,30.0,108.0,1.04,58.0,14.0,1.08,,8.0,12.0,0.0,17
129,1,"01. CEREALES, TUBÉRCULOS Y PLÁTANOS","Pasta, fideo/spaghetti, de espinaca, cruda","Pasta, fideo/spaghetti, spinach, uncooked",100 g,100,366.77,13.35,1.57,74.81,10.6,0.23,0.18,0.64,0.0,58.0,332.0,2.13,376.0,36.0,2.76,0.0,23.0,48.0,0.0,17
130,7,"01. CEREALES, TUBÉRCULOS Y PLÁTANOS","Pasta, fideos promedio, Supermaxi","Pasta, noodles, ordinaty, Supermaxi",100 g,100,365.45,14.55,1.82,72.73,0.0,0.0,,,0.0,,,,,18.18,,,,,,17
131,2,"01. CEREALES, TUBÉRCULOS Y PLÁTANOS","Pasta, spaguetti, integral, crudo","Pasta, spaghetti, whole wheat, raw",100 g,100,374.12,10.71,2.68,76.79,10.7,0.0,,,0.0,71.0,,4.82,,0.0,,0.0,0.0,,,17
132,7,"01. CEREALES, TUBÉRCULOS Y PLÁTANOS","Pasta, tallarin, oriental de pollo, instantaneo, Rapidito","Pasta, tallarin, oriental chicken flavour, instant, Rapidito",100 g,100,468.0,12.0,20.0,60.0,0.0,12.0,8.0,4.0,36.0,,,,,1480.0,,,,,,17
133,1,"01. CEREALES, TUBÉRCULOS Y PLÁTANOS","Pasta, spaguetti, enriquecida, fortificado, cocida","Pasta, spaghetti, enriched, cooked",100 g,100,155.01,5.8,0.93,30.86,1.8,0.18,0.13,0.33,0.0,7.0,58.0,1.33,45.0,1.0,0.5,0.0,0.0,119.0,0.0,17
134,1,"01. CEREALES, TUBÉRCULOS Y PLÁTANOS","Pasta, spaguetti, enriquecida, fortificado, cruda","Pasta, spaghetti, enriched, raw",100 g,100,364.43,13.04,1.51,74.67,3.2,0.28,0.17,0.56,0.0,18.0,150.0,3.52,162.0,5.0,1.26,0.0,0.0,391.0,0.0,17
135,1,"01. CEREALES, TUBÉRCULOS Y PLÁTANOS","Pinol, harina de cebada, simple","Barley flour, pinol type, ordinary",100 g,100,385.0,11.2,5.4,72.9,,0.6,1.8,3.3,0.0,3.0,73.0,0.9,,,,,0.0,,,17
136,5,"01. CEREALES, TUBÉRCULOS Y PLÁTANOS","Pizza, horneada, comercialmente preparada","Pizza, baked, commercially prepared",100 g,100,268.33,11.25,10.93,31.24,,,,,,178.0,189.0,2.42,152.0,655.0,1.72,,,,,17
137,7,"01. CEREALES, TUBÉRCULOS Y PLÁTANOS","Quimbolito, dulce, El Casero","Sweet quimbolito, El Casero",100 g,100,307.2,8.0,12.8,40.0,0.0,6.4,3.2,2.4,106.4,,,,,,,,,,,17
138,2,"01. CEREALES, TUBÉRCULOS Y PLÁTANOS","Quinua, cocida","Quinoa, cooked",100 g,100,120.08,4.4,1.92,21.3,2.8,0.23,0.53,1.08,0.0,17.0,172.0,1.49,172.0,7.0,1.09,0.0,,42.0,0.0,17
139,2,"01. CEREALES, TUBÉRCULOS Y PLÁTANOS","Quinua, cruda","Quinoa, uncooked",100 g,100,367.75,14.12,6.07,64.16,7.0,0.71,1.61,3.29,0.0,47.0,563.0,4.57,563.0,5.0,3.1,,1.0,184.0,0.0,17
140,5,"01. CEREALES, TUBÉRCULOS Y PLÁTANOS","Tamal, harina de maíz, cerdo con verduras, sal, cocido a vapor, comercialmente preparado","Tamal, cornmeal, pork with vegetables, salt, steamed, commercially prepared",100 g,100,173.9,3.81,11.06,14.78,,,,,,4.0,45.0,0.4,107.0,343.0,0.36,,,,,17
141,5,"01. CEREALES, TUBÉRCULOS Y PLÁTANOS","Tortilla, choclo, asada, comercialmente preparado","Tortilla, fresh corn, roast, commercially prepared",100 g,100,266.34,4.98,10.98,36.9,,,,,,36.0,171.0,0.52,144.0,452.0,0.8,,,,,17
142,5,"01. CEREALES, TUBÉRCULOS Y PLÁTANOS","Tortilla, maíz blanco, asada, comercialmente preparado","Tortilla, white maize, roast, commercially prepared",100 g,100,341.91,9.38,16.99,37.87,,,,,,99.0,255.0,1.41,128.0,447.0,1.1,,,,,17
143,7,"01. CEREALES, TUBÉRCULOS Y PLÁTANOS","Trigo, arroz de trigo, Camari","Wheat, wheat rice, Camari",100 g,100,344.1,13.0,1.7,69.2,2.9,,,,,54.0,0.0,3.7,,,,,,,,17
144,2,"01. CEREALES, TUBÉRCULOS Y PLÁTANOS","Trigo, germen de trigo, crudo","Wheat, wheat germ, raw",100 g,100,387.28,23.15,9.72,51.8,13.2,1.66,1.37,6.01,0.0,39.0,842.0,6.26,892.0,12.0,12.29,0.0,0.0,281.0,0.0,17
145,2,"01. CEREALES, TUBÉRCULOS Y PLÁTANOS","Trigo, grano entero","Wheat, whole grain",100 g,100,361.47,13.68,2.47,71.13,7.1,0.48,1.02,1.36,0.0,74.0,195.0,3.15,228.0,655.0,1.62,0.0,0.0,87.0,0.0,17
146,2,"01. CEREALES, TUBÉRCULOS Y PLÁTANOS","Trigo, salvado de trigo, crudo","Wheat, wheat bran, raw",100 g,100,358.49,15.55,4.25,64.51,42.8,0.63,0.64,2.21,0.0,73.0,1013.0,10.57,1182.0,2.0,7.27,0.0,0.0,79.0,0.0,17
147,1,"01. CEREALES, TUBÉRCULOS Y PLÁTANOS","Trigo, sémola, harina gruesa, no enriquecida","Semolina, wheat flour, unenriched",100 g,100,351.49,12.68,1.05,72.83,3.9,0.15,0.12,0.43,0.0,17.0,136.0,1.23,186.0,1.0,1.05,0.0,0.0,72.0,0.0,17
148,3,"01. CEREALES, TUBÉRCULOS Y PLÁTANOS","Achira, blanca, rizoma, raíz","Achira, white, root",100 g,100,101.7,1.4,0.1,23.8,,,,,,13.0,58.0,0.7,,,,0.7,,,,18
149,3,"01. CEREALES, TUBÉRCULOS Y PLÁTANOS","Achira, morada, rizoma, raíz","Achira, purple, root",100 g,100,99.3,1.4,0.1,23.2,,,,,,17.0,91.0,1.4,,,,0.1,,,,18
150,2,"01. CEREALES, TUBÉRCULOS Y PLÁTANOS","Almidón, de achira, harina de flecha","Starch Achira, Arrowroot flour",100 g,100,354.7,0.3,0.1,88.15,3.4,0.02,0.0,0.05,0.0,40.0,5.0,0.33,11.0,2.0,0.07,0.0,0.0,7.0,0.0,18
151,1,"01. CEREALES, TUBÉRCULOS Y PLÁTANOS","Almidón, de yuca o mandioca","Cassava, flour",100 g,100,335.3,1.7,0.5,81.0,,,,,,148.0,104.0,5.4,,,,14.0,,,,18
152,1,"01. CEREALES, TUBÉRCULOS Y PLÁTANOS","Camote, con cáscara, cocido","Sweet potato, unpeeled, cooked",100 g,100,77.62,1.37,0.14,17.72,2.5,0.04,0.0,0.08,0.0,27.0,32.0,0.72,230.0,27.0,0.2,13.0,787.0,6.0,0.0,18
153,1,"01. CEREALES, TUBÉRCULOS Y PLÁTANOS","Camote, con cáscara, crudo","Sweet potatoe, unpeeled, raw",100 g,100,87.21,1.57,0.05,20.12,3.0,0.02,0.0,0.01,0.0,30.0,47.0,0.61,337.0,55.0,0.3,2.0,709.0,11.0,0.0,18
154,7,"01. CEREALES, TUBÉRCULOS Y PLÁTANOS","Harina de camote, Vitavilena","Sweet potato flour, Vitavilena",100 g,100,333.33,3.33,0.0,80.0,0.0,,,,,,,,,166.67,,,,,,18
155,1,"01. CEREALES, TUBÉRCULOS Y PLÁTANOS",Harina de plátano,Banana flour,100 g,100,334.4,3.1,0.4,79.6,9.9,0.03,0.02,0.05,0.0,29.0,104.0,3.9,,,0.61,1.3,,,,18
156,3,"01. CEREALES, TUBÉRCULOS Y PLÁTANOS",Mashua,Mashua,100 g,100,46.1,0.7,0.1,10.6,2.9,,,,,,,0.37,,,0.28,42.06,12.0,,,18
157,1,"01. CEREALES, TUBÉRCULOS Y PLÁTANOS","Ñame, yam, crudo","Yam, raw",100 g,100,119.17,1.53,0.17,27.88,4.1,0.04,0.01,0.08,0.0,17.0,55.0,0.54,816.0,9.0,0.24,17.0,7.0,23.0,0.0,18
158,1,"01. CEREALES, TUBÉRCULOS Y PLÁTANOS","Ñame, yam, escurrido, cocido sin sal","Yam, cooked, drained, without salt",100 g,100,117.54,1.49,0.14,27.58,3.9,0.03,0.0,0.06,0.0,14.0,49.0,0.52,670.0,8.0,0.2,12.0,6.0,16.0,0.0,18
159,3,"01. CEREALES, TUBÉRCULOS Y PLÁTANOS","Oca, sin cáscara","Oca, peeled",100 g,100,65.2,0.7,0.0,15.6,2.4,,,,,,,0.47,,,0.14,23.92,0.0,,,18
160,3,"01. CEREALES, TUBÉRCULOS Y PLÁTANOS","Olluco, melloco, con cáscara","Olluco, melloco, unpeeled",100 g,100,62.5,1.1,0.1,14.3,,,,,,3.0,28.0,1.1,,,,11.5,5.0,,,18
161,3,"01. CEREALES, TUBÉRCULOS Y PLÁTANOS","Papa, amarilla, tipo chaucha, sin cáscara","Potatoe, yellow, peeled, chaucha type",100 g,100,104.8,2.0,0.4,23.3,0.4,,,,,6.0,52.0,0.4,,,0.29,9.0,0.0,,,18
162,1,"01. CEREALES, TUBÉRCULOS Y PLÁTANOS","Papa, con cáscara, cocida","Potatoe, unpeeled, cooked",100 g,100,81.18,2.86,0.1,17.21,3.3,0.03,0.0,0.04,0.0,45.0,54.0,6.07,407.0,14.0,0.44,5.0,0.0,10.0,0.0,18
163,1,"01. CEREALES, TUBÉRCULOS Y PLÁTANOS","Papa, con cascara, cruda","Potatoe, unpeeled, raw",100 g,100,78.77,2.02,0.09,17.47,2.2,0.03,0.0,0.04,0.0,12.0,57.0,0.78,421.0,6.0,0.29,20.0,0.0,16.0,0.0,18
164,3,"01. CEREALES, TUBÉRCULOS Y PLÁTANOS","Papa, negra andina","Potatoe, andean black",100 g,100,75.6,1.8,0.4,16.2,2.6,,,,,19.0,40.0,0.52,295.0,6.0,0.22,3.15,0.0,,,18
165,1,"01. CEREALES, TUBÉRCULOS Y PLÁTANOS","Papa, sin cáscara, cocida","Potatoe, peeled, cooked",100 g,100,87.78,1.71,0.1,20.01,1.8,0.03,0.0,0.04,0.0,8.0,40.0,0.31,328.0,5.0,0.27,7.0,0.0,9.0,0.0,18
166,1,"01. CEREALES, TUBÉRCULOS Y PLÁTANOS","Papa, sin cáscara, cruda","Potatoe, peeled, raw",100 g,100,60.94,2.57,0.1,12.44,2.5,0.03,0.0,0.04,0.0,30.0,38.0,3.24,413.0,10.0,0.35,11.0,0.0,17.0,0.0,18
167,5,"01. CEREALES, TUBÉRCULOS Y PLÁTANOS","Patacón, plátano verde, frito, con sal","Patacón, plantain, green, fried, with salt",100 g,100,262.72,,4.16,56.32,,,,,,2.0,15.0,0.36,489.0,182.0,0.02,,,,,18
168,5,"01. CEREALES, TUBÉRCULOS Y PLÁTANOS","Plátano, maduro, frito","Plantain, ripe, fried",100 g,100,214.55,,1.67,49.88,,,,,,2.0,32.0,0.23,330.0,9.0,0.22,,,,,18
169,5,"01. CEREALES, TUBÉRCULOS Y PLÁTANOS","Platáno maduro, frito, comercialmente preparado","Chifles, plantain chips, sweet, fried, commercially prepared",100 g,100,482.31,1.63,20.59,72.62,,,,,,3.0,30.0,0.51,473.0,2.0,0.28,,,,,18
170,5,"01. CEREALES, TUBÉRCULOS Y PLÁTANOS","Plátano, maduro, hervido","Plantain, ripe, boiled",100 g,100,121.4,,,30.35,,,,,,2.0,6.0,0.18,26.0,21.0,0.07,,,,,18
171,1,"01. CEREALES, TUBÉRCULOS Y PLÁTANOS","Plátano, maduro, tipo maqueño","Plantain, ripe",100 g,100,136.09,1.3,0.37,31.89,2.3,0.14,0.03,0.07,0.0,3.0,34.0,0.6,499.0,4.0,0.14,18.0,56.0,22.0,0.0,19
172,1,"01. CEREALES, TUBÉRCULOS Y PLÁTANOS","Plátano, verde, crudo","Plantain, green, raw",100 g,100,146.9,1.2,0.1,35.3,0.5,,,,,8.0,40.0,0.8,,,,28.0,130.0,,,19
173,1,"01. CEREALES, TUBÉRCULOS Y PLÁTANOS","Plátano, verde, frito, promedio","Plantains, green fried, average",100 g,100,308.97,1.5,11.81,49.17,3.5,3.69,4.35,2.7,0.0,4.0,44.0,0.67,482.0,2.0,0.23,3.4,357.6,15.0,,19
174,7,"01. CEREALES, TUBÉRCULOS Y PLÁTANOS","Tortillas de verde, con queso mozzarella, Productos del Chef","Plantain tortillas with mozzarella cheese, Productos del Chef",100 g,100,237.33,2.67,2.67,50.67,0.0,1.33,0.67,0.0,45.33,,,,,,,,,,,19
175,1,"01. CEREALES, TUBÉRCULOS Y PLÁTANOS","Yuca, mandioca, raíz","Cassava, peeled, raw",100 g,100,160.2,1.36,0.28,38.06,1.8,0.07,0.08,0.05,0.0,16.0,27.0,0.27,271.0,14.0,0.34,21.0,1.0,27.0,0.0,19
176,5,"01. CEREALES, TUBÉRCULOS Y PLÁTANOS","Yuquitas, fritas, con sal, comercialmente preparados","Cassava, chip, salt, commercially prepared",100 g,100,489.38,2.03,24.58,65.01,,,,,,36.0,94.0,0.79,1133.0,577.0,1.16,,,,,19
177,2,"01. CEREALES, TUBÉRCULOS Y PLÁTANOS","Zanahoria, blanca, cocida, sin sal","Parsnips, cooked,drained, without salt",100 g,100,76.02,1.32,0.3,17.01,3.6,0.05,0.11,0.05,0.0,37.0,69.0,0.58,367.0,10.0,0.26,13.0,0.0,58.0,0.0,19
178,2,"01. CEREALES, TUBÉRCULOS Y PLÁTANOS","Zanahoria, blanca, cruda","Parsnips, raw",100 g,100,79.46,1.2,0.3,17.99,4.9,0.05,0.11,0.05,0.0,36.0,71.0,0.59,375.0,10.0,0.59,17.0,0.0,67.0,0.0,19
179,1,02. FRUTAS,"Aguacate, sin cáscara, promedio","Avocado, peeled, ordinary, alla varieties",100 g,100,174.06,2.0,14.66,8.53,6.7,2.13,9.8,1.82,0.0,12.0,52.0,0.55,485.0,7.0,0.64,10.0,7.0,81.0,0.0,21
180,2,02. FRUTAS,"Aguacate, verde, sin cáscara, serrano","Avocado, green, peeled, raw",100 g,100,130.74,2.23,10.06,7.82,5.6,1.96,5.51,1.68,0.0,10.0,40.0,0.17,351.0,2.0,0.4,17.4,7.0,35.0,0.0,21
181,7,02. FRUTAS,"Arándano, deshidratado, Natures Heart","Blueberries, dehydrated, Natures Heart",100 g,100,320.0,0.0,0.0,80.0,1.67,0.0,,,0.0,,,,,100.0,,,,,,21
182,2,02. FRUTAS,"Arándano, deshidratado, promedio","Blueberries, dehydrated, average",100 g,100,340.0,0.0,0.0,85.0,5.0,0.0,,,0.0,0.0,,0.0,,0.0,,0.0,0.0,,,21
183,4,02. FRUTAS,"Arazá, fresco","Araza, fresh",100 g,100,36.7,1.1,1.1,5.6,0.9,,,,,4.0,,0.8,222.0,28.0,0.4,,,,,21
184,4,02. FRUTAS,"Babaco, maduro, pulpa","Babaco, ripe, pulp",100 g,100,31.4,0.9,0.2,6.5,0.5,,,,,46.0,14.0,0.7,223.0,10.0,0.1,0.0,12.0,,0.0,21
185,1,02. FRUTAS,"Badea, tumbo costeño, fresca","Badea, tumbo costeño, fresh",100 g,100,21.8,0.7,0.2,4.3,,,,,,14.0,17.0,0.8,,,,15.0,7.0,,,21
186,3,02. FRUTAS,"Banano, guineo manzano, odatil, orito","Banana, small, sweet, raw",100 g,100,115.8,1.1,0.2,27.4,,,,,,8.0,24.0,0.6,370.0,1.0,0.17,13.0,14.0,,0.0,21
187,1,02. FRUTAS,"Banano, guineo, plátano seda","Banana, raw",100 g,100,98.69,1.09,0.33,22.84,2.6,0.11,0.03,0.07,0.0,5.0,22.0,0.26,358.0,1.0,0.15,9.0,3.0,20.0,0.0,21
188,4,02. FRUTAS,"Borojó, fresco","Borojo fruit, raw",100 g,100,133.4,3.0,0.6,29.0,,,,,,51.0,,6.9,464.0,8.0,1.5,3.0,,,,21
189,1,02. FRUTAS,"Capulí, capulin, capulina","Capuli, capulin, capulina",100 g,100,100.7,2.1,2.3,17.9,,,,,,125.0,94.0,1.2,,,,90.0,,,,21
190,1,02. FRUTAS,"Carambola, fruta estrellada, con cáscara, fresca","Starfruit, unpeeled, raw",100 g,100,34.05,1.04,0.33,6.73,2.8,0.02,0.03,0.18,0.0,3.0,12.0,0.08,133.0,2.0,0.12,34.0,3.0,12.0,0.0,21
191,1,02. FRUTAS,"Cereza dulce, fruta en almibar, envasada","Cherries, in syrup, solid and liquid, average",100 g,100,96.9,0.73,0.1,23.27,1.1,0.02,0.03,0.03,0.0,10.0,10.0,1.3,93.0,7.0,0.06,2.0,36.0,8.0,0.0,21
192,1,02. FRUTAS,"Cereza, fresca","Cherries, sour, red, raw",100 g,100,55.42,1.0,0.3,12.18,1.6,0.07,0.08,0.09,0.0,16.0,15.0,0.32,173.0,3.0,0.1,10.0,64.0,8.0,0.0,21
193,7,02. FRUTAS,"Cerezas, marrasquino, roja, en almibar, Dicomfrut","Cherries, marrasquino, red, Dicomfrut",100 g,100,216.0,0.0,0.0,54.0,0.0,0.0,0.0,0.0,0.0,,,,,10.0,,,,,,21
194,2,02. FRUTAS,"Chirimoya, fresca","Chirimoya, fruit",100 g,100,82.98,1.65,0.62,17.7,2.3,,,,0.0,8.0,26.0,0.3,269.0,4.0,0.18,12.0,0.0,18.0,0.0,21
195,5,02. FRUTAS,"Chonta, mezcla, pelada, sin semillas, hervida, sin sal","Peach palm, mix, peeled, without seed, boiled, without salt",100 g,100,195.54,,4.58,38.58,,,,,,1.0,20.0,0.34,201.0,11.0,0.24,,,,,21
196,5,02. FRUTAS,"Chonta, roja, pelada, sin semillas, hervida, sin sal","Peach palm, red, peeled, without seed, boiled, without salt",100 g,100,231.35,,4.87,46.88,,,,,,1.0,24.0,0.65,252.0,2.0,0.29,,,,,21
197,1,02. FRUTAS,"Ciruela, claudia, amarilla o roja, fresca","Plums, yellow or red, fresh, raw",100 g,100,51.0,0.7,0.28,11.42,1.4,0.02,0.13,0.04,0.0,6.0,16.0,0.17,157.0,0.0,0.1,10.0,17.0,5.0,0.0,21
198,1,02. FRUTAS,"Ciruela, roja, deshidratada","Prunes, dehydrated, raw",100 g,100,267.66,2.18,0.38,63.88,7.1,0.09,0.05,0.06,0.0,43.0,69.0,0.93,732.0,2.0,0.44,1.0,39.0,4.0,0.0,21
199,7,02. FRUTAS,"Ciruela, sin semilla, deshidratada, Bonanza","Plums, seedlees, dehydrated, Bonanza",100 g,100,270.0,2.5,0.0,65.0,5.0,0.0,,,0.0,,,,,12.5,,,,,,21
200,7,02. FRUTAS,"Ciruela, sin semilla, deshidratada, El Sabor","Plums, seedlees, dehydrated, El Sabor",100 g,100,179.07,0.0,11.63,18.6,0.0,2.33,,,0.0,,,,,0.0,,,,,,21
201,7,02. FRUTAS,"Ciruela, sin semilla, deshidratada, Supermaxi","Plums, seedlees, dehydrated, Supermaxi",100 g,100,213.33,3.33,0.0,50.0,6.67,0.0,,,0.0,,,,,0.0,,,,,,22
202,1,02. FRUTAS,"Coco, agua","Coconut, water from",100 g,100,19.52,0.72,0.2,3.71,1.1,0.18,0.01,0.0,0.0,24.0,20.0,0.29,250.0,105.0,0.1,2.0,0.0,3.0,0.0,22
203,7,02. FRUTAS,"Coco, chips de canela y sal rosada, Alme","Coconut chips, cinnamon and pink salt, Alme",100 g,100,560.0,4.0,48.0,28.0,12.0,44.0,,,0.0,,,,,240.0,,,,,,22
204,1,02. FRUTAS,"Coco, maduro, pulpa","Coconut, ripe, pulp,raw",100 g,100,375.65,3.33,33.49,15.23,9.0,29.7,1.42,0.37,0.0,14.0,113.0,2.43,356.0,20.0,1.1,3.0,0.0,26.0,0.0,22
205,1,02. FRUTAS,"Coco, pulpa, hojuelas dulces, deshidratadas","Coconut, pulp, sweet flakes, dehydrated",100 g,100,492.83,3.28,32.15,47.59,4.3,28.51,1.37,0.35,0.0,14.0,100.0,1.8,316.0,256.0,1.75,0.0,0.0,8.0,0.0,22
206,2,02. FRUTAS,"Coctel de frutas, en almibar, promedio","Fruit cocktail, in syrup, solid and liquid, average",100 g,100,93.75,0.39,0.07,22.89,1.1,0.01,0.01,0.03,0.0,6.0,11.0,0.28,86.0,6.0,0.08,1.9,10.0,3.0,0.0,22
207,7,02. FRUTAS,"Coctel de frutas, en almibar, Gustadina","Fruit cocktail, in syrup, Gustadina",100 g,100,82.86,0.71,0.0,20.0,0.71,0.0,,,0.0,,,,,14.29,,,,,,22
208,7,02. FRUTAS,"Coctel de frutas, en almibar, Snob","Fruit cocktail, in syrup, Snob",100 g,100,68.0,-1.0,0.0,18.0,0.0,0.0,,,0.0,,,,,3.0,,,,,,22
209,1,02. FRUTAS,"Coctel de frutas, en almibar, sólidos y líquidos, promedio","Fruit cocktail, in syrup, solid and liquid, average",100 g,100,77.42,0.37,0.1,18.76,1.0,0.01,0.02,0.04,0.0,1.0,10.0,0.36,84.0,4.0,0.07,69.0,10.0,3.0,0.0,22
210,1,02. FRUTAS,"Durazno, común, maduro, con cáscara, fruta criolla","Peaches, unpeeled, local fruit, raw",100 g,100,58.2,0.8,0.2,13.3,1.5,0.02,0.07,0.09,0.0,12.0,26.0,1.1,190.0,0.0,0.17,28.0,16.0,4.0,0.0,22
211,7,02. FRUTAS,"Durazno, mitados, en almibar, Dos caballos","Peaches, in halves, in syrup, Dos Caballos",100 g,100,77.14,0.71,0.0,18.57,,0.0,,,0.0,,,,,7.14,,,,,,22
212,7,02. FRUTAS,"Durazno, mitados, en almibar, Snob","Peaches, in halves, in syrup, Snob",100 g,100,65.21,0.43,0.07,15.71,1.43,0.07,,,0.0,,,,,10.0,,,,,,22
213,1,02. FRUTAS,"Durazno, tipo guaytambo, prisco","Peaches, guaytambo type, raw",100 g,100,42.1,0.6,0.1,9.7,,0.02,0.06,0.04,0.0,21.0,,0.3,202.0,1.0,0.14,10.0,35.0,,,22
214,1,02. FRUTAS,"Durazno, tipo melocotón, amarrillo, fruta criolla","Peaches, local fruit, raw",100 g,100,51.3,0.9,0.1,11.7,1.5,0.02,0.07,0.09,0.0,16.0,,0.1,190.0,0.0,0.17,19.0,22.0,4.0,0.0,22
215,1,02. FRUTAS,"Durazno, tipo Nectarina","Peaches, nectarines types, raw",100 g,100,49.32,1.06,0.32,10.55,1.7,0.03,0.09,0.11,0.0,6.0,26.0,0.28,201.0,0.0,0.17,5.0,17.0,5.0,0.0,22
216,1,02. FRUTAS,"Duraznos, en almibar, promedio","Peaches, in syrup, solid and liquid, average",100 g,100,82.46,0.45,0.1,19.94,1.3,0.01,0.04,0.05,0.0,3.0,11.0,0.27,92.0,6.0,0.09,3.0,17.0,3.0,0.0,22
217,7,02. FRUTAS,"Fresas deshidratadas, Natures Heart","Strawberries, dehydrated, Natures Heart",100 g,100,297.14,2.86,0.0,71.43,8.57,0.0,0.0,0.0,0.0,,,,,0.0,,,,,,22
218,2,02. FRUTAS,"Fruta de pan, fresca","Breadfruit, fresh, raw",100 g,100,114.83,1.07,0.23,27.12,4.9,0.05,0.03,0.07,0.0,17.0,30.0,0.54,490.0,2.0,0.12,29.0,0.0,14.0,0.0,22
219,1,02. FRUTAS,"Frutilla, madura, fresca","Strawberries, raw",100 g,100,36.1,0.67,0.3,7.68,2.0,0.01,0.04,0.16,0.0,16.0,24.0,0.42,153.0,1.0,0.14,59.0,1.0,24.0,0.0,22
220,7,02. FRUTAS,"Frutilla, trozos, deshidratada, liofilizada","Strawberries, chunks, dehydrated, lyophilized",100 g,100,348.0,7.0,0.0,80.0,20.0,0.0,,,0.0,,,,,0.0,,,,,,22
221,1,02. FRUTAS,"Granadilla dulce, fruta","Passion-fruit, granadilla type, purple, raw",100 g,100,104.0,2.4,2.8,17.3,,,,,0.0,10.0,64.0,0.9,348.0,28.0,,20.0,28.0,,,22
222,5,02. FRUTAS,"Grosella, cruda con sal","Star gooseberry fruit, raw, with salt",100 g,100,32.48,,,8.12,,,,,,3.0,13.0,0.15,151.0,835.0,0.18,,,,,23
223,5,02. FRUTAS,"Grosella, cruda, sin sal","Star gooseberry fruit, raw, without salt",100 g,100,25.36,,,6.34,,,,,,1.0,10.0,0.15,135.0,31.0,0.06,,,,,23
224,2,02. FRUTAS,"Grosella, fresca","Surinam-cherry, pitanga,raw",100 g,100,36.76,0.8,0.4,7.49,,,,,0.0,9.0,11.0,0.2,103.0,3.0,,26.3,75.0,,0.0,23
225,1,02. FRUTAS,"Guaba, cushin, paterna, pulpa","Jinicuil pulp, raw",100 g,100,66.9,1.0,0.1,15.5,,,,,,21.0,20.0,0.9,,,,9.0,,,,23
226,1,02. FRUTAS,"Guanabana, guanaba","Soursop, raw",100 g,100,74.06,1.0,0.3,16.84,3.3,0.05,0.09,0.07,0.0,14.0,27.0,0.6,278.0,14.0,0.1,21.0,0.0,14.0,0.0,23
227,7,02. FRUTAS,"Guanabana, pulpa líquida, con azucar, Esto si es guanabana","Guanabana, liquid pulp, with sugar, Esto si es guanabana",100 g,100,140.0,0.0,0.0,35.0,0.0,,,,,,,,,33.33,,,,,,23
228,7,02. FRUTAS,"Guayaba, en almibar, Pacha","Guava, in syrup, Pacha",100 g,100,108.0,0.0,0.0,27.0,3.0,0.0,,,0.0,,,,,30.0,,,,,,23
229,1,02. FRUTAS,"Guayaba, madura, fresca","Guavas, ordinary, ripe, raw",100 g,100,56.2,0.8,0.6,11.9,,0.17,0.05,0.18,0.0,20.0,,0.3,284.0,3.0,0.23,183.0,32.0,,0.0,23
230,1,02. FRUTAS,"Higo, seco deshidratado","Figs, dry, dehydrated",100 g,100,277.05,3.3,0.93,63.87,9.8,0.14,0.16,0.34,0.0,162.0,67.0,2.03,680.0,10.0,0.55,1.0,0.0,9.0,0.0,23
231,1,02. FRUTAS,"Higos en almibar, sólidos y líquidos, en lata","Figs, in syrup, solids and liquids, canned",100 g,100,94.02,0.38,0.1,22.9,2.2,0.02,0.02,0.05,0.0,27.0,10.0,0.28,99.0,1.0,0.11,1.0,2.0,2.0,0.0,23
232,7,02. FRUTAS,"Higos, en almibar, Qawi","Figs, andean figs, in syrup, Qawi",100 g,100,232.0,0.0,0.0,58.0,0.0,,,,0.0,,,,,55.0,,,,,,23
233,1,02. FRUTAS,"Higos, fruta madura","Figs, ripe, raw",100 g,100,82.42,0.75,0.3,19.18,2.9,0.06,0.07,0.14,0.0,35.0,14.0,0.37,232.0,1.0,0.15,2.0,7.0,6.0,0.0,23
234,1,02. FRUTAS,"Kiwi, sin cáscara, fresco","Kiwifruit, peeled, raw",100 g,100,67.88,1.14,0.52,14.66,3.0,0.03,0.05,0.29,0.0,34.0,34.0,0.31,312.0,3.0,0.14,93.0,4.0,25.0,0.0,23
235,2,02. FRUTAS,"Lima, fresca","Lime, fresh, raw",100 g,100,46.76,0.7,0.2,10.54,2.8,0.02,0.02,0.06,0.0,33.0,18.0,0.6,102.0,2.0,0.11,29.1,2.0,8.0,0.0,23
236,2,02. FRUTAS,"Limón, sin cáscara, fresco","Lemon, peeled, raw",100 g,100,44.38,1.1,0.3,9.32,2.8,0.04,0.01,0.09,0.0,26.0,16.0,0.6,138.0,2.0,0.06,53.0,1.0,11.0,0.0,23
237,2,02. FRUTAS,"Limón, zumo","Lemon, pure juice, fresh",100 g,100,31.16,0.35,0.24,6.9,0.3,0.04,0.01,0.02,0.0,6.0,8.0,0.08,103.0,1.0,0.05,38.7,0.0,20.0,0.0,23
238,1,02. FRUTAS,Mamey,"Mamey, fruit",100 g,100,56.5,0.5,0.5,12.5,3.0,0.14,0.2,0.08,0.0,11.0,11.0,0.7,47.0,15.0,0.1,14.0,12.0,14.0,0.0,23
239,1,02. FRUTAS,"Mandarina, tangerina, fresca","Tangerines, fresh, raw",100 g,100,59.39,0.81,0.31,13.34,1.8,0.04,0.06,0.06,0.0,37.0,20.0,0.15,166.0,2.0,0.07,27.0,34.0,16.0,0.0,23
240,1,02. FRUTAS,"Mango, criollo","Mangos, small, local, ripe, raw",100 g,100,39.2,0.8,0.0,9.0,,,,,,14.0,,1.3,189.0,7.0,,80.0,240.0,,,23
241,7,02. FRUTAS,"Mango, deshidratado, promedio","Mango, dehydrated, average",100 g,100,293.04,3.33,0.0,69.93,3.33,0.0,,,0.0,,,,,16.65,,,,,,23
242,1,02. FRUTAS,"Mango, grande, maduro","Mangos, large, ripe, raw",100 g,100,65.4,0.5,0.2,15.4,1.8,0.07,0.1,0.05,0.0,12.0,12.0,0.8,156.0,2.0,0.04,53.0,38.0,14.0,0.0,23
243,1,02. FRUTAS,"Mango, verde","Mango, green, unripe, raw",100 g,100,49.4,0.4,0.2,11.5,,,,,,14.0,10.0,0.4,,,,128.0,,,,23
244,1,02. FRUTAS,"Manzana, con casacara, importada","Apple, unpeeled, imported, raw",100 g,100,57.81,0.26,0.17,13.81,2.4,0.03,0.01,0.05,0.0,6.0,11.0,0.12,107.0,1.0,0.04,5.0,3.0,3.0,0.0,23
245,1,02. FRUTAS,"Manzana, con cáscara, rosa, pomarosa","Apple, unpeeled, rose, raw",100 g,100,27.9,0.6,0.3,5.7,,,,,0.0,29.0,8.0,0.07,123.0,0.0,0.06,22.0,17.0,,0.0,23
246,1,02. FRUTAS,"Manzana, deshidratada","Apple, dehydrated, average",100 g,100,384.62,1.32,0.58,93.53,12.4,0.09,0.02,0.17,0.0,19.0,55.0,2.0,640.0,124.0,0.29,2.0,4.0,1.0,0.0,23
247,1,02. FRUTAS,"Manzana, sin cáscara, criolla, “Emilia”","Apple, unpeeled, local, “Emilia”",100 g,100,60.5,0.3,0.1,14.6,1.3,0.02,0.0,0.04,0.0,4.0,8.0,0.7,90.0,0.0,0.05,8.0,2.0,0.0,0.0,24
248,1,02. FRUTAS,"Maracuyá, granadilla morada, pulpa","Passion fruit, pulp",100 g,100,108.62,2.2,0.7,23.38,10.4,0.06,0.09,0.41,0.0,12.0,68.0,1.6,348.0,28.0,0.1,30.0,64.0,14.0,0.0,24
249,2,02. FRUTAS,"Melón, amarillo, valenciano","Melon, yellows, honeydew, fresh",100 g,100,39.78,0.54,0.14,9.09,0.8,0.04,0.0,0.06,0.0,6.0,11.0,0.17,228.0,18.0,0.09,18.0,3.0,19.0,0.0,24
250,1,02. FRUTAS,"Melón, corrugado, contaloupe","Melons, cantaloupe, raw",100 g,100,37.71,0.84,0.19,8.16,0.9,0.05,0.0,0.08,0.0,9.0,15.0,0.21,267.0,16.0,0.18,37.0,169.0,21.0,0.0,24
251,2,02. FRUTAS,"Membrillo, fresco","Quinces, fresh, raw",100 g,100,63.7,0.4,0.1,15.3,1.9,0.01,0.04,0.05,0.0,11.0,17.0,0.7,197.0,4.0,0.04,15.0,2.0,3.0,0.0,24
252,7,02. FRUTAS,"Mix de frutas, cerezas y arándanos, deshidratadas, Kruker","Fruit mix, cherries and cranberries, dehydrated, Kruker",100 g,100,477.0,2.0,21.0,70.0,,9.0,9.0,2.5,0.0,,,,,5.0,,,,,,24
253,7,02. FRUTAS,"Mix de frutas, piña y maracuya, deshidratadas, Kruker","Fruit mix, pineapple and passion fruit, dehydrated, Kruker",100 g,100,477.0,2.0,21.0,70.0,,9.0,9.0,2.5,0.0,,,,,5.0,,,,,,24
254,7,02. FRUTAS,"Mix frutas, arándanos rojos, maní y pasas, deshidratadas, Corfruit","Fruit mix, cranberries, peanuts and raisins, dehydrated, Corfruit",100 g,100,430.0,10.0,16.67,60.0,3.33,3.33,10.0,0.0,0.0,,,,,50.0,,,,,,24
255,1,02. FRUTAS,"Mora, zarzamora, fresca","Blackberries, fresh, raw",100 g,100,48.41,1.39,0.49,9.61,5.3,0.01,0.05,0.28,0.0,29.0,22.0,0.62,162.0,1.0,0.53,21.0,11.0,25.0,0.0,24
256,2,02. FRUTAS,"Mortiño, fresco, crudo","Blueberry, fresh, raw",100 g,100,63.49,0.64,0.33,14.49,2.4,0.03,0.05,0.15,0.0,6.0,12.0,0.28,77.0,1.0,0.16,9.7,3.0,6.0,0.0,24
257,1,02. FRUTAS,"Naranja, agria, común","Orange, sour, ordinary, raw",100 g,100,55.7,0.7,0.1,13.0,,,,,0.0,43.0,17.0,0.6,200.0,1.0,0.05,42.0,10.0,,,24
258,1,02. FRUTAS,"Naranja, agria, zumo, jugo natural","Orange, sweet, juice, ordinary, raw",100 g,100,44.6,0.7,0.2,10.0,,,,,,44.0,15.0,0.3,,,,42.0,,,,24
259,1,02. FRUTAS,"Naranja, dulce, común","Orange, sweet, ordinary, raw",100 g,100,51.84,0.94,0.12,11.75,2.4,0.01,0.02,0.03,0.0,40.0,14.0,0.1,181.0,0.0,0.07,53.0,11.0,30.0,0.0,24
260,5,02. FRUTAS,"Naranjilla común, pelada, cruda","Naranjilla / lulo, peeled, raw",100 g,100,35.48,,,8.87,,,,,,2.0,23.0,0.24,448.0,14.0,0.22,,,,,24
261,1,02. FRUTAS,"Naranjilla, lulo, pulpa, congelada","Naranjilla, lulo, pulp, frozen, unsweetened",100 g,100,30.9,0.7,0.1,6.8,,,,,,8.0,14.0,0.4,294.0,4.0,,65.0,,,,24
262,2,02. FRUTAS,"Níspero, con cáscara, fresco","Loquats, unpeeled, fresh, raw",100 g,100,52.08,0.43,0.2,12.14,1.7,0.04,0.01,0.09,0.0,16.0,27.0,0.28,266.0,1.0,0.05,1.0,76.0,14.0,0.0,24
263,1,02. FRUTAS,"Papaya, lechosa, madura, pulpa","Papayas, ripe, pulpe, raw",100 g,100,42.94,0.61,0.14,9.81,1.8,0.04,0.04,0.03,0.0,24.0,5.0,0.1,257.0,3.0,0.07,62.0,55.0,38.0,0.0,24
264,2,02. FRUTAS,"Pasas rubias, promedio","Raisins, golden, seedless, average",100 g,100,335.0,3.28,0.2,80.02,3.3,0.07,0.01,0.06,0.0,64.0,101.0,0.98,746.0,24.0,0.37,3.2,0.0,3.0,0.0,24
265,7,02. FRUTAS,"Pasas, sin semilla, Del Sur","Raisins, seedless, Del Sur",100 g,100,260.0,2.5,0.0,62.5,0.0,,,,,,,,,,,,,,,24
266,2,02. FRUTAS,"Pasas, sin semilla, promedio","Raisins, seedless, average",100 g,100,320.0,2.5,0.0,77.5,5.0,0.0,,,0.0,50.0,,2.7,775.0,25.0,,0.0,0.0,,,24
267,1,02. FRUTAS,"Pepino dulce, pera limón, con cáscara","Tree melon, unpeeled, fresh",100 g,100,35.8,0.4,1.0,6.3,,,,,,18.0,14.0,0.8,,,,32.0,28.0,,,24
268,1,02. FRUTAS,"Pera, importada, sin cáscara","Pear, imported, peeled, raw",100 g,100,64.44,0.38,0.12,15.46,3.1,0.01,0.03,0.03,0.0,9.0,11.0,0.17,119.0,1.0,0.1,4.0,1.0,7.0,0.0,24
269,2,02. FRUTAS,"Piña, deshidratada","Pineapple, dehydrated",100 g,100,370.0,0.0,0.0,92.5,2.5,0.09,0.02,0.17,0.0,50.0,55.0,2.0,640.0,124.0,0.29,2.0,4.0,1.0,0.0,25
270,1,02. FRUTAS,"Piña, dulce, fresca","Pineapple, sweets, fresh, raw",100 g,100,57.11,0.53,0.11,13.5,1.4,,,,,13.0,8.0,0.28,108.0,1.0,0.12,56.0,3.0,19.0,,25
271,7,02. FRUTAS,"Piña, en rodajas, en almibar, Facundo","Pineaple, sliced, in syrup, Facundo",100 g,100,66.68,0.0,0.0,16.67,1.67,0.0,,,,,,,,0.0,,,,,,25
272,1,02. FRUTAS,"Piña, fruta en almibar, envasada sol&liq","Pineaple, sliced, in syrup, solid and liquid, average",100 g,100,83.19,0.35,0.11,20.2,0.8,0.01,0.01,0.04,0.0,14.0,7.0,0.38,104.0,1.0,0.12,7.0,1.0,5.0,0.0,25
273,4,02. FRUTAS,"Pitahaya, amarilla, pulpa","Pitahaya, yellow, pulp",100 g,100,56.9,0.4,0.1,13.6,3.3,,,,,26.0,26.0,0.3,155.0,4.0,0.1,20.0,2.0,20.0,0.0,25
274,1,02. FRUTAS,"Pitahaya, roja, pulpa","Pitahaya, red, pulp",100 g,100,62.0,1.4,0.4,13.2,,,,,,10.0,26.0,1.3,,,,8.0,0.0,,,25
275,3,02. FRUTAS,"Plátano rojo, guineo morado","Platain, red o purple",100 g,100,118.2,1.4,0.2,27.7,,,,,,12.0,20.0,0.5,370.0,1.0,0.16,10.0,42.0,,0.0,25
276,1,02. FRUTAS,"Sandía, fresca","Watermelon, fresh, raw",100 g,100,33.99,0.61,0.15,7.55,0.4,0.02,0.04,0.05,0.0,7.0,11.0,0.24,112.0,1.0,0.1,8.0,28.0,3.0,0.0,25
277,7,02. FRUTAS,"Tamarindo, pasta, sin azúcar añadida, Soleg","Tamarind, pulp paste, not added sugar, Soleg",100 g,100,106.67,0.0,0.0,26.67,,0.0,,,0.0,,,,,0.0,,,,,,25
278,2,02. FRUTAS,"Tamarindo, pulpa, fresca","Tamarind, pulp, fresh, raw",100 g,100,266.6,2.8,0.6,62.5,5.1,0.27,0.18,0.06,0.0,74.0,113.0,2.8,628.0,28.0,0.1,3.5,2.0,14.0,0.0,25
279,2,02. FRUTAS,"Taxo, curuba, pulpa",Curuba pulp,100 g,100,24.72,3.09,0.0,3.09,0.0,0.0,,,0.0,381.0,,0.56,,1.0,,39.6,417.6,,,25
280,1,02. FRUTAS,"Tomate de árbol, fresco",Tree tomato fruit,100 g,100,58.1,2.2,0.9,10.3,,,,,,9.0,48.0,0.8,,,,29.0,300.0,,,25
281,7,02. FRUTAS,"Tomate de árbol, pulpa líquida, con azucar, Esto si es tomate","Tree tomato, liquid pulp, with sugar, Esto si es Tomate",100 g,100,33.33,1.67,0.0,6.67,0.0,,,,,,,,,58.33,,,,,,25
282,1,02. FRUTAS,"Toronja, rosada, fresca","Grapefruit, ordinary, raw",100 g,100,46.98,0.77,0.14,10.66,1.6,0.02,0.02,0.04,0.0,22.0,18.0,0.08,135.0,0.0,0.07,31.0,58.0,13.0,0.0,25
283,1,02. FRUTAS,"Tuna, nopal","Prickly pears,raw",100 g,100,74.4,1.1,0.4,16.6,3.6,0.07,0.08,0.21,0.0,57.0,32.0,1.2,220.0,5.0,0.12,18.0,2.0,6.0,0.0,25
284,1,02. FRUTAS,"Uva, importada, con cáscara, roja, tipo americana","Grapes, imported, unpeeled, raw, red",100 g,100,74.27,0.63,0.35,17.15,0.9,0.11,5.01,0.1,0.0,14.0,10.0,0.29,191.0,2.0,0.04,4.0,5.0,4.0,0.0,25
285,3,02. FRUTAS,"Uva, importada, con cáscara, verde","Grapes, imported, unpeeled, green",100 g,100,73.3,0.4,0.1,17.7,0.9,,,,,19.0,28.0,0.5,,,0.07,2.8,3.0,,,25
286,7,02. FRUTAS,"Uvilla, confitada, orgánica, Natures Heart","Golden-berries, candied, organic, Narures Heart",100 g,100,331.43,2.86,0.0,80.0,8.57,0.0,,,0.0,,,,,0.0,,,,,,25
287,7,02. FRUTAS,"Uvilla, deshidratada, Inca´s Treasure","Golden-berries, dehydrated, Inca´s Treasure",100 g,100,271.43,7.14,0.0,60.71,21.43,0.0,,,0.0,,,,1778.57,0.0,,,,,,25
288,7,02. FRUTAS,"Uvilla, deshidratada, promedio","Golden-berries, dehydrated, average",100 g,100,271.4,7.14,0.0,60.71,21.43,,,,,,,,1778.57,0.0,,,,,,25
289,2,02. FRUTAS,"Uvilla, fresca","Golden berries, fresh",100 g,100,308.39,6.67,1.67,66.67,16.7,0.0,,,0.0,30.0,,3.33,1830.0,0.0,,,,,,25
290,2,02. FRUTAS,"Zapote, mamey, sin cáscara, fresco","Sapote, mamey, peeled, fresh, raw",100 g,100,138.34,1.45,0.46,32.1,5.4,0.17,0.1,0.1,0.0,18.0,26.0,0.78,454.0,7.0,0.19,23.0,7.0,7.0,0.0,25
291,1,03. VEGETALES,"Acelga, cocida, sin sal","Chard, cooked, without salt",100 g,100,24.76,1.88,0.08,4.13,2.1,0.01,0.02,0.03,0.0,58.0,33.0,2.26,549.0,179.0,0.33,18.0,306.0,9.0,0.0,27
292,1,03. VEGETALES,"Acelga, cruda","Chard, raw",100 g,100,33.5,2.9,0.3,4.8,,,,,0.0,62.0,,3.9,550.0,147.0,0.02,6.0,330.0,,0.0,27
293,2,03. VEGETALES,"Achogcha, hojas y corazon, escurridas, cocida, sin sal","Balsam-pear, bitter gourd, leaves and heart, boiled, drained, coocked, without salt",100 g,100,22.26,0.84,0.18,4.32,2.0,0.01,0.03,0.08,0.0,9.0,36.0,38.0,319.0,6.0,0.77,33.0,6.0,51.0,0.0,27
294,5,03. VEGETALES,"Achojcha, lisa, hervidas, escurrido, sin sal","Achojcha (smooth), boiled, drained, without salt",100 g,100,17.2,,,4.3,,,,,,17.0,17.0,0.18,170.0,3.0,0.08,,,,,27
295,3,03. VEGETALES,Ají amarillo fresco,"Peppers, hot chili, yellow, raw",100 g,100,45.1,0.9,0.7,8.8,,,,,,31.0,21.0,0.9,,,,60.0,445.0,,,27
296,2,03. VEGETALES,"Ají, rojo, rocoto, crudo","Peppers, hot chili, red, raw",100 g,100,46.68,1.87,0.44,8.81,1.5,0.04,0.02,0.24,0.0,14.0,43.0,1.03,322.0,9.0,0.26,143.7,48.0,23.0,0.0,27
297,2,03. VEGETALES,"Ajo, fresco, crudo","Garlic, fresh, raw",100 g,100,162.18,6.36,0.5,33.06,2.1,0.09,0.01,0.25,0.0,181.0,153.0,1.7,401.0,17.0,1.16,31.2,0.0,3.0,0.0,27
298,2,03. VEGETALES,"Albahaca, fresca, cruda","Basil, fresh, raw",100 g,100,28.96,3.15,0.64,2.65,1.6,0.04,0.09,0.39,0.0,177.0,56.0,3.17,295.0,4.0,0.81,18.0,264.0,68.0,0.0,27
299,2,03. VEGETALES,"Alcachofa, hojas y corazón, cocida, sin sal","Artichokes, leaves and heart, cooked, drained, without salt",100 g,100,62.42,2.89,0.34,11.95,5.7,0.08,0.01,0.15,0.0,21.0,73.0,0.61,286.0,60.0,0.4,7.4,1.0,89.0,0.0,27
300,1,03. VEGETALES,"Alcachofa, hojas y corazon, cruda","Artichokes, leaves and heart, raw",100 g,100,56.47,3.27,0.15,10.51,5.4,0.04,0.0,0.06,0.0,44.0,90.0,1.28,370.0,94.0,0.49,12.0,9.0,68.0,0.0,27
301,1,03. VEGETALES,"Alfalfa, brotes de alfalfa","Alfalfa, sprouts",100 g,100,37.29,3.99,0.69,3.78,2.5,0.07,0.06,0.41,0.0,32.0,70.0,0.96,79.0,6.0,0.92,8.0,8.0,36.0,0.0,27
302,1,03. VEGETALES,"Apio, tallos, crudo","Celery, westchester hisano, raw",100 g,100,16.17,0.69,0.17,2.97,1.6,0.04,0.03,0.08,0.0,40.0,24.0,0.2,260.0,80.0,0.13,3.0,22.0,36.0,0.0,27
303,2,03. VEGETALES,"Arveja, congelada, cocida, sin sal","Peas, froozen, cooked, without salt",100 g,100,80.07,5.15,0.27,14.26,4.5,0.05,0.02,0.13,0.0,24.0,77.0,1.52,110.0,72.0,0.67,9.9,105.0,59.0,0.0,27
304,1,03. VEGETALES,"Arveja, enlatada","Peas, green, solids and liquids, canned",100 g,100,71.15,4.42,0.35,12.58,4.1,0.06,0.03,0.16,0.0,20.0,67.0,0.95,173.0,252.0,0.71,10.0,27.0,44.0,0.0,27
305,1,03. VEGETALES,"Arveja, escurrida, cocida, sin sal","Peas, green, drained, cooked, without salt",100 g,100,85.98,5.36,0.22,15.64,5.5,0.04,0.02,0.1,0.0,27.0,117.0,1.54,271.0,3.0,1.19,14.0,40.0,63.0,0.0,27
306,1,03. VEGETALES,"Arveja, grano tierno, cruda","Peas, green,raw",100 g,100,83.12,5.42,0.4,14.46,5.1,0.07,0.04,0.19,0.0,25.0,108.0,1.47,244.0,5.0,1.24,40.0,38.0,65.0,0.0,27
307,1,03. VEGETALES,"Berenjena, cocida, sin sal","Eggplant, cooked, drained, without salt",100 g,100,40.31,0.83,0.23,8.73,2.5,0.04,0.02,0.09,0.0,6.0,15.0,0.25,123.0,1.0,0.12,1.0,2.0,14.0,0.0,27
308,1,03. VEGETALES,"Berenjena, cruda","Eggplant, raw",100 g,100,28.55,1.01,0.19,5.7,3.4,0.03,0.02,0.08,0.0,9.0,25.0,0.24,230.0,2.0,0.16,2.0,1.0,22.0,0.0,27
309,1,03. VEGETALES,"Berro, fresco, crudo","Watercress, fresh, raw",100 g,100,28.0,2.8,0.4,3.3,1.51,0.02,0.24,0.23,0.0,117.0,76.0,1.9,606.0,14.0,0.23,44.0,161.0,80.0,0.0,27
310,1,03. VEGETALES,"Brócoli, cocido, sin sal","Broccoli, cooked, drained, witout salt",100 g,100,41.93,2.38,0.41,7.18,3.3,0.08,0.04,0.17,0.0,40.0,67.0,0.67,293.0,41.0,0.45,65.0,77.0,108.0,0.0,27
311,1,03. VEGETALES,"Brócoli, crudo","Broccoli, raw",100 g,100,41.17,2.82,0.37,6.64,2.6,0.04,0.01,0.04,0.0,47.0,66.0,0.73,316.0,33.0,0.41,89.0,31.0,63.0,0.0,27
312,2,03. VEGETALES,"Cebolla, blanca, larga, cruda","Onions, spring, scallions,raw",100 g,100,38.39,1.83,0.19,7.34,2.6,0.03,0.03,0.07,0.0,72.0,37.0,1.48,276.0,16.0,0.39,18.8,50.0,64.0,0.0,27
313,2,03. VEGETALES,"Cebolla, blanca, perla","Onions, white, raw",100 g,100,42.66,1.1,0.1,9.34,1.7,0.04,0.01,0.02,0.0,23.0,29.0,0.21,146.0,4.0,0.17,7.4,0.0,19.0,0.0,27
314,2,03. VEGETALES,"Cebolla, puerro","Leeks, raw",100 g,100,65.3,1.5,0.3,14.15,1.8,0.04,0.0,0.17,0.0,59.0,35.0,2.1,180.0,20.0,0.12,12.0,83.0,64.0,0.0,27
315,3,03. VEGETALES,"Cebolla, roja, paiteña, cruda","Onion, red, raw",100 g,100,27.7,0.8,0.1,5.9,1.4,,,,,20.0,17.0,1.0,,,0.16,3.7,0.0,,,28
316,2,03. VEGETALES,"Cebollin, fresco, crudo","Chives, fresh, raw",100 g,100,37.05,3.27,0.73,4.35,2.5,0.15,0.1,0.27,0.0,92.0,58.0,1.6,296.0,3.0,0.56,58.1,218.0,105.0,0.0,28
317,2,03. VEGETALES,"Champiñones, enlatados, escurridos","Mushrooms, canned, drained",100 g,100,30.45,1.87,0.29,5.09,2.4,0.04,0.01,0.11,0.0,11.0,66.0,0.79,129.0,425.0,0.72,0.0,0.0,12.0,0.0,28
318,2,03. VEGETALES,"Champiñones, portobello, crudos","Mushrooms, portabella, raw",100 g,100,27.07,2.11,0.35,3.87,1.3,0.01,0.04,0.3,0.0,3.0,108.0,0.31,364.0,9.0,0.53,0.0,0.0,28.0,0.05,28
319,1,03. VEGETALES,"Choclo, maíz, amarillo, dulce, enlatado","Corn, yellow, sweet, canned",100 g,100,73.94,1.95,0.5,15.41,1.7,0.08,0.14,0.23,0.0,4.0,51.0,0.41,164.0,213.0,0.36,6.0,3.0,38.0,0.0,28
320,1,03. VEGETALES,"Choclo,elote, mazorca, amarillo, cocido","Corn, yellow, sweet, cooked",100 g,100,125.24,3.32,1.28,25.11,2.8,0.2,0.37,0.6,0.0,2.0,103.0,0.61,249.0,17.0,0.48,6.0,13.0,46.0,0.0,28
321,1,03. VEGETALES,"Choclo,elote, mazorca, amarillo, fresco, crudo","Corn, yellow, sweet, fresh, raw",100 g,100,99.58,3.22,1.18,19.02,2.7,0.18,0.35,0.56,0.0,2.0,89.0,0.52,270.0,15.0,0.45,7.0,10.0,46.0,0.0,28
322,1,03. VEGETALES,"Choclo,elote, mazorca, blanco, fresco, crudo","Corn, white, fresh, raw",100 g,100,113.9,3.1,0.7,23.8,,0.18,0.34,0.54,0.0,24.0,270.0,0.5,270.0,15.0,0.45,8.0,0.0,,0.0,28
323,2,03. VEGETALES,"Col, de bruselas, cocida, sin sal","Brussels sprouts, cooked, without salt",100 g,100,43.1,2.55,0.5,7.1,2.6,0.1,0.04,0.26,0.0,36.0,56.0,1.2,317.0,21.0,0.33,62.0,39.0,60.0,0.0,28
324,2,03. VEGETALES,"Col, de bruselas, cruda","Brussels sprouts, raw",100 g,100,52.02,3.38,0.3,8.95,3.8,0.06,0.02,0.15,0.0,42.0,69.0,1.4,389.0,25.0,0.42,85.0,38.0,61.0,0.0,28
325,2,03. VEGETALES,"Col, morada, cocida, sin sal","Cabbage, red, cooked, without salt",100 g,100,34.61,1.51,0.09,6.94,2.6,0.01,0.01,0.04,0.0,42.0,33.0,0.66,262.0,28.0,0.25,34.4,2.0,24.0,0.0,28
326,2,03. VEGETALES,"Col, morada, cruda","Cabbage, red, raw",100 g,100,36.64,1.43,0.16,7.37,2.1,0.02,0.01,0.08,0.0,45.0,30.0,0.8,243.0,27.0,0.22,57.0,56.0,18.0,0.0,28
327,1,03. VEGETALES,"Col, repollo, blanco, común, cocida, sin sal","Cabbage, white, ordinary, cooked, without salt",100 g,100,25.79,1.02,0.43,4.46,1.9,0.05,0.03,0.2,0.0,31.0,15.0,0.17,97.0,8.0,0.09,20.0,7.0,20.0,0.0,28
328,1,03. VEGETALES,"Col, repollo, blanco, común, cruda","Cabbage, white, ordinary, raw",100 g,100,27.94,1.21,0.18,5.37,2.3,0.02,0.01,0.09,0.0,47.0,23.0,0.56,246.0,18.0,0.18,51.0,6.0,57.0,0.0,28
329,1,03. VEGETALES,"Coliflor, cruda","Cauliflower, raw",100 g,100,30.02,1.98,0.1,5.3,2.5,0.03,0.01,0.1,0.0,22.0,44.0,0.44,303.0,30.0,0.28,46.0,1.0,57.0,0.0,28
330,1,03. VEGETALES,"Coliflor, escurrida, cocida, sin sal","Cauliflower, drained, cooked, without salt",100 g,100,27.85,1.84,0.45,4.11,2.7,0.07,0.03,0.22,0.0,16.0,32.0,0.33,142.0,15.0,0.18,44.0,1.0,44.0,0.0,28
331,2,03. VEGETALES,"Culantro, cilantro, fresco, crudo","Coriander, cilantro, fresh, raw",100 g,100,12.4,2.02,0.48,,2.81,,,,0.0,67.0,54.0,1.68,510.0,54.0,0.05,35.3,6130.0,,0.0,28
332,1,03. VEGETALES,"Espárrago, crudo","Asparagus, raw",100 g,100,25.4,2.2,0.12,3.88,2.1,0.05,0.01,0.09,0.0,24.0,52.0,2.14,202.0,2.0,0.54,6.0,38.0,52.0,0.0,28
333,2,03. VEGETALES,"Espárragos, enlatados","Asparagus, canned",100 g,100,18.74,1.8,0.18,2.48,1.0,0.04,0.01,0.09,0.0,15.0,38.0,0.6,172.0,284.0,0.47,16.5,157.8,85.0,0.0,28
334,2,03. VEGETALES,"Espárragos, escurridos, cocidos","Asparagus, drained, cooked",100 g,100,28.02,2.4,0.22,4.11,2.0,0.05,0.0,0.11,0.0,23.0,54.0,0.91,224.0,14.0,0.6,7.7,50.0,149.0,0.0,28
335,1,03. VEGETALES,"Espinaca, cruda","Spinach, raw",100 g,100,29.47,2.86,0.39,3.63,2.2,0.06,0.01,0.17,0.0,99.0,49.0,2.71,558.0,79.0,0.53,28.0,469.0,194.0,0.0,28
336,1,03. VEGETALES,"Espinaca, escurrida, cocida, sin sal","Spinach, drained, cooked, without salt",100 g,100,29.22,2.97,0.26,3.75,2.4,0.04,0.01,0.11,0.0,136.0,56.0,3.57,466.0,70.0,0.76,10.0,524.0,146.0,0.0,28
337,3,03. VEGETALES,"Fréjol, canario, tierno, fresco","Bean, canary bean, immature, raw",100 g,100,162.6,9.7,0.6,29.6,14.0,,,,,60.0,287.0,2.18,,3.0,,5.22,0.0,,,29
338,1,03. VEGETALES,"Fréjol, frijol, grano verde, tierno, toda variedad","Bean, immature grain, all varieties",100 g,100,153.1,9.8,0.3,27.8,,,,,,59.0,213.0,3.6,,,,7.0,12.0,,,29
339,1,03. VEGETALES,"Haba, grano verde, tierna","Broadbeans, immature seeds, raw",100 g,100,74.6,5.6,0.6,11.7,4.2,0.14,0.02,0.31,0.0,22.0,95.0,1.9,250.0,50.0,0.58,33.0,18.0,96.0,0.0,29
340,1,03. VEGETALES,"Hongos, champiñones, cocidos, sin sal","Mushrooms, cooked, drained, without salt",100 g,100,34.07,2.17,0.47,5.29,2.2,0.06,0.01,0.18,0.0,6.0,87.0,1.74,356.0,2.0,0.87,4.0,0.0,18.0,0.0,29
341,1,03. VEGETALES,"Hongos, champiñones, crudos","Mushrooms, white, raw",100 g,100,28.54,3.09,0.34,3.28,1.0,0.05,0.0,0.16,0.0,3.0,86.0,0.5,318.0,5.0,0.52,2.0,0.0,16.0,0.04,29
342,2,03. VEGETALES,"Jícama, fresco, cruda","Yambean, jicama, fresh, raw",100 g,100,38.97,0.72,0.09,8.82,4.9,0.02,0.01,0.04,0.0,12.0,18.0,0.6,150.0,4.0,0.16,20.2,1.0,12.0,0.0,29
343,1,03. VEGETALES,"Lechuga, arrepollada, cruda","Lettuce, green leafs, raw",100 g,100,16.74,0.9,0.14,2.97,1.2,0.02,0.01,0.07,0.0,18.0,20.0,0.41,141.0,10.0,0.15,3.0,25.0,29.0,0.0,29
344,1,03. VEGETALES,"Lechuga, romana, crespa, fresca, cruda","Lettuce, crip, romaine, fresh, raw",100 g,100,20.74,1.23,0.3,3.28,2.1,0.04,0.01,0.16,0.0,33.0,30.0,0.97,247.0,8.0,0.23,24.0,290.0,136.0,0.0,29
345,1,03. VEGETALES,"Nabo, raíz, cocido, sin sal, escurrido","Turnips, root, cooked, without salt, drained",100 g,100,23.8,0.71,0.08,5.06,2.0,0.01,0.0,0.04,0.0,33.0,26.0,0.18,177.0,16.0,0.12,12.0,0.0,9.0,0.0,29
346,1,03. VEGETALES,"Nabo, raíz, crudo","Turnips, root, raw",100 g,100,30.22,0.9,0.1,6.43,1.8,0.01,0.01,0.05,0.0,30.0,27.0,0.3,191.0,67.0,0.27,21.0,0.0,15.0,0.0,29
347,3,03. VEGETALES,"Orégano, fresco","Oregano, fresh",100 g,100,56.1,1.6,0.5,11.3,,,,,,312.0,46.0,9.3,,,,10.0,1750.0,,,29
348,3,03. VEGETALES,"Paico, fresco","Paico, fresh",100 g,100,66.7,5.0,1.1,9.2,3.8,,,,,459.0,65.0,6.3,,,1.1,34.7,3.0,,,29
349,2,03. VEGETALES,"Palmito, crudo","Palm hearts, raw",100 g,100,115.04,2.7,0.2,25.61,1.5,0.05,0.01,0.09,0.0,18.0,140.0,1.69,1806.0,14.0,3.73,8.0,3.0,24.0,0.0,29
350,2,03. VEGETALES,"Palmito, enlatado","Hearts of palm, canned",100 g,100,34.14,2.52,0.62,4.62,2.4,0.13,0.1,0.2,0.0,7.9,65.0,3.13,177.0,426.0,1.15,7.9,0.0,39.0,0.0,29
351,2,03. VEGETALES,"Papa, nabo, cocida, sin sal","Turnips, cooked, without salt",100 g,100,23.8,0.71,0.08,5.06,2.0,0.01,0.01,0.04,0.0,33.0,26.0,0.18,177.0,16.0,0.12,11.6,0.0,9.0,0.0,29
352,2,03. VEGETALES,"Papa, nabo, cruda","Turnips, raw",100 g,100,30.22,0.9,0.1,6.43,1.8,0.01,0.01,0.05,0.0,30.0,27.0,0.3,191.0,67.0,0.27,21.0,0.0,15.0,0.0,29
353,1,03. VEGETALES,"Pepino, cojombro, de ensalada, crudo","Cucumber, for salad, raw",100 g,100,12.44,0.59,0.16,2.16,0.7,0.01,0.0,0.0,0.0,14.0,21.0,0.22,136.0,2.0,0.17,3.0,4.0,14.0,0.0,29
354,2,03. VEGETALES,"Perejil, fresco, crudo","Parsley, fresh, raw",100 g,100,44.31,2.97,0.79,6.33,3.3,0.13,0.3,0.12,0.0,138.0,58.0,6.2,554.0,56.0,1.07,133.0,421.0,152.0,0.0,29
355,1,03. VEGETALES,"Pimiento, rojo, chile dulce, fresco, crudo","Peppers, red, sweet, fresh, raw",100 g,100,30.78,0.99,0.3,6.03,2.0,0.06,0.01,0.16,0.0,7.0,26.0,0.43,211.0,2.0,0.25,190.0,157.0,18.0,0.0,29
356,2,03. VEGETALES,"Pimiento, verde, fresco, crudo","Peppers, sweet, green, fresh, raw",100 g,100,23.53,0.86,0.17,4.64,1.7,0.06,0.01,0.06,0.0,10.0,20.0,0.34,175.0,3.0,0.13,80.4,18.0,10.0,0.0,29
357,2,03. VEGETALES,"Rábano, largo, crudo","Radishes, oriental, raw",100 g,100,19.7,0.6,0.1,4.1,1.6,0.03,0.02,0.05,0.0,27.0,23.0,0.4,227.0,21.0,0.15,22.0,0.0,28.0,0.0,29
358,1,03. VEGETALES,"Rábano, redondo, crudo","Radishes, raw",100 g,100,12.9,1.5,0.1,1.5,,0.03,0.02,0.02,0.0,24.0,,0.4,227.0,21.0,,22.0,0.0,,0.0,29
359,1,03. VEGETALES,"Remolacha, cruda","Beetroot, raw",100 g,100,46.21,1.61,0.17,9.56,2.8,0.03,0.03,0.06,0.0,16.0,40.0,0.8,325.0,78.0,0.35,5.0,2.0,109.0,0.0,29
360,1,03. VEGETALES,"Remolacha, escurrida, cocida, sin sal","Beetroot, drained, cooked, without salt",100 g,100,48.18,1.68,0.18,9.96,2.0,0.03,0.04,0.06,0.0,16.0,38.0,0.79,305.0,77.0,0.35,4.0,2.0,80.0,0.0,29
361,2,03. VEGETALES,"Rúcula, fresca, cruda","Arugula, fresh, raw",100 g,100,30.86,2.58,0.66,3.65,1.6,0.09,0.05,0.32,0.0,160.0,52.0,1.47,369.0,27.0,0.46,15.0,119.0,97.0,0.0,30
362,2,03. VEGETALES,"Sambo, cocido, sin sal","Gourd, white-flowered, calabash, cooked, without salt",100 g,100,17.34,0.6,0.02,3.69,1.2,0.0,0.0,0.01,0.0,24.0,13.0,0.25,170.0,2.0,0.7,8.5,0.0,4.0,0.0,30
363,1,03. VEGETALES,"Sambo,chilacayote, chiverre, maduro, crudo","Gourd, white-flowered, calabash, raw",100 g,100,24.5,0.8,0.1,5.1,,,,,,15.0,19.0,0.4,,,,11.0,,,,30
364,1,03. VEGETALES,"Tomate, rojo, riñon, crudo, promedio","Tomato, red, ripe, raw, average",100 g,100,24.3,0.8,0.3,4.6,1.2,0.05,0.05,0.14,0.0,7.0,24.0,0.6,237.0,5.0,0.17,23.0,42.0,15.0,0.0,30
365,1,03. VEGETALES,"Tomate, tomatillo, cherry, fresco, crudo","Tomato, cherry, fresh, raw",100 g,100,35.3,1.5,0.1,7.1,,0.01,0.01,0.04,0.0,59.0,,6.0,207.0,8.0,0.11,85.0,500.0,,0.0,30
366,1,03. VEGETALES,"Vainitas, ejotes, vainicas, escurridas, cocidas, sin sal","Beans, snap, green, drained, cooked, without salt",100 g,100,41.6,1.89,0.28,7.88,3.2,0.06,0.01,0.14,0.0,44.0,29.0,0.65,146.0,1.0,0.25,10.0,35.0,33.0,0.0,30
367,2,03. VEGETALES,"Vainitas, verdes, cruda","Beans, snap, green, raw",100 g,100,37.18,1.83,0.22,6.97,2.7,0.05,0.01,0.11,0.0,37.0,38.0,1.03,211.0,6.0,0.24,12.2,35.0,33.0,0.0,30
368,1,03. VEGETALES,"Zanahoria , jugo natural, zumo","Carrots, natural juice, no added sugar",100 g,100,40.5,0.6,0.1,9.3,,0.03,0.01,0.06,0.0,24.0,,0.5,292.0,29.0,0.18,9.0,1545.0,,0.0,30
369,1,03. VEGETALES,"Zanahoria, sin cáscara, cruda, cubos","Carrots, peeled, raw, cubes",100 g,100,42.1,0.9,0.1,9.4,2.9,0.03,0.01,0.07,0.0,32.0,28.0,0.6,323.0,35.0,0.2,6.0,666.0,,0.0,30
370,1,03. VEGETALES,"Zanahoria, sin cáscara, escurrida, cocida, sin sal, cubos","Carrots, peeled, drained cooked, without salt, cubes",100 g,100,37.54,0.76,0.18,8.22,3.0,0.04,0.01,0.11,0.0,30.0,30.0,0.34,235.0,58.0,0.2,4.0,860.0,14.0,0.0,30
371,1,03. VEGETALES,"Zapallo, ayote, guico, calabaza, amarillo, maduro, crudo","Squash, winter, hubbard, raw",100 g,100,34.6,0.6,0.2,7.6,0.5,0.05,0.01,0.0,0.0,19.0,22.0,0.5,340.0,1.0,0.32,15.0,143.0,16.0,0.0,30
372,2,03. VEGETALES,"Zapallo, cocido, sin sal","Squash, winter, hubbard, without salt, cooked",100 g,100,58.74,2.48,0.62,10.81,4.9,0.14,0.03,0.07,0.0,17.0,23.0,0.47,358.0,8.0,0.15,9.5,6705.0,16.0,0.0,30
373,2,03. VEGETALES,"Zucchini, con cáscara, cocido, sin sal","Squash, zucchini, unpeeled, cooked, without salt",100 g,100,20.01,1.15,0.13,3.56,1.3,0.03,0.01,0.06,0.0,17.0,25.0,0.48,194.0,2.0,0.2,3.7,9.0,8.0,0.0,30
374,2,03. VEGETALES,"Zucchini, verde, con cáscara, fresco, crudo","Squash, zucchini, verde, unpeeled, fresh,raw",100 g,100,20.16,1.21,0.32,3.11,1.0,0.08,0.01,0.09,0.0,16.0,38.0,0.37,261.0,8.0,0.32,17.9,10.0,24.0,0.0,30
375,1,04. LEGUMINOSAS,"Arveja, grano seco, cocida, sin sal","Peas, mature seeds, cooked, with salt",100 g,100,121.27,8.34,0.39,21.1,8.3,0.05,0.08,0.17,0.0,14.0,99.0,1.29,362.0,2.0,1.0,0.0,0.0,65.0,0.0,32
376,1,04. LEGUMINOSAS,"Arveja, grano seco, crudo","Peas, mature seeds, raw",100 g,100,350.12,24.55,1.16,60.37,25.5,0.16,0.24,0.5,0.0,55.0,366.0,4.43,981.0,15.0,3.01,2.0,7.0,274.0,0.0,32
377,1,04. LEGUMINOSAS,"Brotes de soya, frescos, crudos","Bean sprouts, soy, fresh, raw",100 g,100,150.94,13.09,6.7,9.57,1.1,0.93,1.52,3.78,0.0,67.0,164.0,2.1,484.0,14.0,1.17,15.0,1.0,172.0,0.0,32
378,2,04. LEGUMINOSAS,"Chocho, cocido, con sal","Lupine, mature seed, cooked, with salt",100 g,100,128.08,15.57,2.92,9.88,2.8,0.35,1.12,0.73,0.0,51.0,128.0,1.2,245.0,4.0,1.35,1.1,0.0,59.0,0.0,32
379,2,04. LEGUMINOSAS,"Chocho, cocido, sin sal","Lupine, mature seed, cooked, without salt",100 g,100,128.08,15.57,2.92,9.88,2.8,0.35,1.18,0.73,0.0,51.0,128.0,1.2,245.0,4.0,1.38,1.1,0.0,59.0,0.0,32
380,2,04. LEGUMINOSAS,"Chocho, grano seco, crudo","Lupins, mature seeds,raw",100 g,100,393.82,36.17,9.74,40.37,18.9,1.16,3.94,2.44,0.0,176.0,440.0,4.36,1013.0,15.0,4.75,4.8,0.0,355.0,0.0,32
381,2,04. LEGUMINOSAS,"Fréjol de árbol, gandul, grano seco, crudo","Beans, great northern, mature seeds, raw",100 g,100,347.18,21.86,1.14,62.37,20.2,0.36,0.05,0.48,0.0,175.0,447.0,5.47,1387.0,14.0,2.31,5.3,0.0,482.0,0.0,32
382,1,04. LEGUMINOSAS,"Fréjol, blanco, grano seco, cocido, sin sal","Beans, white, mature seeds, cooked, with salt",100 g,100,142.43,9.73,0.35,25.09,6.3,0.09,0.03,0.15,0.0,90.0,113.0,3.7,561.0,6.0,1.38,0.0,0.0,81.0,0.0,32
383,1,04. LEGUMINOSAS,"Fréjol, blanco, grano seco, crudo","Beans, white, mature seeds, raw",100 g,100,342.17,23.36,0.85,60.27,15.2,0.22,0.07,0.36,0.0,240.0,301.0,10.44,1795.0,16.0,3.67,0.0,0.0,388.0,0.0,32
384,3,04. LEGUMINOSAS,"Fréjol, canario, cocido","Beans canary, cooked",100 g,100,87.3,5.2,0.5,15.5,10.4,,,,,45.0,85.0,1.6,,,1.06,0.0,0.0,,,32
385,3,04. LEGUMINOSAS,"Fréjol, canario, crudo","Beans canary, raw",100 g,100,346.9,21.9,2.1,60.1,25.1,,,,,138.0,351.0,6.6,1212.0,43.0,2.83,6.3,0.0,,,32
386,3,04. LEGUMINOSAS,"Fréjol, canario, serranito","Beans, canarian, serranito",100 g,100,346.2,19.2,1.8,63.3,24.9,,,,,149.0,362.0,4.0,1212.0,43.0,2.79,4.5,0.0,,,32
387,3,04. LEGUMINOSAS,"Fréjol, caraotas","Beans caraotas, raw",100 g,100,337.4,21.2,1.4,60.0,24.9,,,,,129.0,413.0,9.9,,,2.79,4.5,0.0,,,32
388,2,04. LEGUMINOSAS,"Fréjol, negro, grano seco, cocido, sin sal","Beans, black, mature seeds, cooked, with salt",100 g,100,135.14,8.86,0.54,23.71,8.7,0.14,0.05,0.23,0.0,27.0,140.0,2.1,355.0,1.0,1.12,0.0,0.0,149.0,0.0,32
389,2,04. LEGUMINOSAS,"Fréjol, negro, grano seco, crudo","Beans, black, mature seeds, raw",100 g,100,351.6,22.7,1.6,61.6,18.37,0.29,0.1,0.27,0.0,134.0,415.0,7.1,1464.0,8.0,2.55,1.0,0.0,,0.0,32
390,2,04. LEGUMINOSAS,"Fréjol, negro, grano seco, crudo","Beans, black, mature seeds, raw",100 g,100,348.62,21.6,1.42,62.36,15.5,0.37,0.12,0.61,0.0,123.0,352.0,5.02,1483.0,5.0,3.65,0.0,0.0,444.0,0.0,32
391,7,04. LEGUMINOSAS,"Fréjol, pasta de Fréjol, Ole","Kidney beans, paste, dip, Ole",100 g,100,178.27,4.35,4.35,30.43,,0.0,2.17,0.0,,,,,347.83,347.83,,,0.0,,,32
392,1,04. LEGUMINOSAS,"Fréjol, rojo, grano seco, toda variedad, cocido, sin sal","Beans, kidney, all types, mature seeds, cooked, with salt",100 g,100,130.38,8.67,0.5,22.8,7.4,0.07,0.04,0.28,0.0,28.0,142.0,2.94,403.0,2.0,1.07,1.0,0.0,130.0,0.0,32
393,1,04. LEGUMINOSAS,"Fréjol, rojo, grano seco, toda variedad, crudo","Beans, kidney, all types, mature seeds, raw",100 g,100,344.82,22.53,1.06,61.29,15.2,0.15,0.08,0.59,0.0,83.0,406.0,6.69,1359.0,12.0,2.79,5.0,0.0,394.0,0.0,32
394,2,04. LEGUMINOSAS,"Garbanzo, grano seco, cocido, sin sal","Chickpeas, mature seeds, cooked, with salt",100 g,100,168.43,8.86,2.59,27.42,7.6,0.27,0.58,1.16,0.0,49.0,168.0,2.89,291.0,7.0,153.0,1.3,1.0,172.0,0.0,32
395,1,04. LEGUMINOSAS,"Garbanzo, grano seco, crudo","Chickpeas, mature seeds, raw",100 g,100,374.16,19.3,6.04,60.65,17.4,0.63,1.36,2.69,0.0,105.0,366.0,6.24,875.0,24.0,3.43,4.0,3.0,557.0,0.0,32
396,7,04. LEGUMINOSAS,"Garbanzo, pasta de garbanzo, hummus con pimiento, Ole","Chickpea, chickpea paste, hummus with pepper, Ole",100 g,100,221.72,4.35,13.04,21.74,,0.0,6.52,2.17,,,,,608.7,608.7,,,4.35,,,32
397,1,04. LEGUMINOSAS,"Haba seca, crudo","Broadbeans, fava beans, mature seeds, raw",100 g,100,351.41,26.12,1.53,58.29,25.0,0.25,0.3,0.63,0.0,103.0,421.0,6.7,1062.0,13.0,3.14,1.0,3.0,423.0,0.0,32
398,2,04. LEGUMINOSAS,"Haba seca, sin cáscara, cocida","Broadbeans, fava beans, peeled, cooked",100 g,100,107.7,7.3,0.5,18.5,5.4,,,,,64.0,53.0,0.9,,,1.01,0.9,1.0,,,32
399,2,04. LEGUMINOSAS,"Haba seca, tostada","Broadbeans, fava beans, mature seeds, toasted",100 g,100,376.8,26.4,2.0,63.3,0.0,,,,,60.0,479.0,6.8,,,,2.0,,,,33
400,1,04. LEGUMINOSAS,Harina de arveja seca,"Chickpeas, flour",100 g,100,360.5,23.4,2.1,62.0,,,,,,81.0,297.0,6.0,,,,1.0,,,,33
401,2,04. LEGUMINOSAS,Harina de garbanzo,"Chickpea flour, besan",100 g,100,381.05,22.39,6.69,57.82,10.8,0.69,1.5,2.98,0.0,45.0,318.0,4.86,846.0,64.0,2.81,0.0,2.0,437.0,0.0,33
402,1,04. LEGUMINOSAS,Harina de haba seca,"Broadbeans, flour",100 g,100,359.9,27.6,1.9,58.1,,0.22,0.26,0.5,0.0,78.0,,18.2,1062.0,13.0,3.14,0.0,5.0,,0.0,33
403,1,04. LEGUMINOSAS,"Harina de soya, baja en grasa","Soy, flour, low fat",100 g,100,398.34,46.53,6.7,37.98,10.2,0.97,1.48,3.78,0.0,188.0,593.0,5.99,2570.0,18.0,1.18,0.0,2.0,410.0,0.0,33
404,2,04. LEGUMINOSAS,"Lenteja, germinada, cocida, sin sal","Lentils, sprouted, cooked, without salt",100 g,100,124.25,8.8,0.45,21.25,,0.05,0.1,0.2,0.0,14.0,153.0,3.1,284.0,10.0,1.6,12.6,2.0,67.0,0.0,33
405,2,04. LEGUMINOSAS,"Lenteja, germinada, cruda","Lentils, sprouted, raw",100 g,100,129.35,8.96,0.55,22.14,,0.06,0.1,0.22,0.0,25.0,173.0,3.21,322.0,11.0,1.51,16.5,2.0,100.0,0.0,33
406,2,04. LEGUMINOSAS,"Lenteja, grano seco, cocido, sin sal","Lentils, mature seeds, cooked, with salt",100 g,100,120.02,9.02,0.38,20.13,7.9,0.05,0.06,0.18,0.0,19.0,180.0,3.33,369.0,2.0,1.27,1.5,0.0,181.0,0.0,33
407,1,04. LEGUMINOSAS,"Lenteja, grano seco, crudo","Lentils, mature seeds, raw",100 g,100,353.06,25.8,1.06,60.08,30.5,0.16,0.19,0.52,0.0,56.0,451.0,7.54,955.0,6.0,4.78,4.0,2.0,479.0,0.0,33
408,1,04. LEGUMINOSAS,"Soya, bebida de soya","Soy, soy beverage",100 g,100,54.92,4.48,1.92,4.93,1.3,0.23,0.38,0.77,0.0,38.0,55.0,1.1,124.0,55.0,0.44,0.0,31.0,16.0,1.22,33
409,2,04. LEGUMINOSAS,"Soya, grano seco, crudo","Soy, beans, mature seeds, raw",100 g,100,446.06,36.49,19.94,30.16,9.3,2.88,4.4,11.26,0.0,277.0,704.0,15.7,1797.0,2.0,4.89,6.0,1.0,3.75,0.0,33
410,1,04. LEGUMINOSAS,"Soya, leche en polvo","Soy, milk powder",100 g,100,448.6,28.3,17.8,43.8,,,,,,597.0,717.0,10.7,,,,53.0,10.0,,,33
411,2,05. CARNES Y EMBUTIDOS,"Borrego, corazón, crudo","Lamb, heart, raw",100 g,100,117.84,16.47,5.68,0.21,0.0,2.25,1.6,0.55,135.0,6.0,175.0,4.6,316.0,89.0,1.87,5.0,0.0,2.0,10.25,35
412,2,05. CARNES Y EMBUTIDOS,"Borrego, pierna, sin hueso, crudo","Lamb, leg, boneless, raw",100 g,100,225.27,17.91,17.07,0.0,0.0,7.43,7.0,1.35,69.0,9.0,170.0,1.66,249.0,56.0,3.32,0.0,0.0,19.0,2.5,35
413,2,05. CARNES Y EMBUTIDOS,"Borrego, riñón, crudo","Lamb, kidneys, raw",100 g,100,92.79,15.74,2.95,0.82,0.0,1.0,0.63,0.55,337.0,13.0,246.0,6.38,277.0,156.0,2.24,11.0,95.0,28.0,52.41,35
414,1,05. CARNES Y EMBUTIDOS,"Carnero, cabeza, cocido","Ram, head, cooked",100 g,100,107.2,14.2,5.6,0.0,,3.0,2.0,0.01,65.0,17.0,130.0,2.1,295.0,75.0,,0.0,,,,35
415,2,05. CARNES Y EMBUTIDOS,"Carnero, carne magra con hueso","Lamb, lean meat with bone",100 g,100,306.48,15.87,27.0,0.0,0.0,13.7,10.35,1.16,80.0,15.0,153.0,1.43,120.0,42.0,2.19,0.0,0.0,1.0,2.22,35
416,2,05. CARNES Y EMBUTIDOS,"Carnero, carne magra sin hueso","Lamb, lean boneless meat",100 g,100,132.68,20.48,5.64,0.0,,2.31,2.29,0.27,63.0,10.0,195.0,1.75,328.0,80.0,3.5,,,,3.01,35
417,2,05. CARNES Y EMBUTIDOS,"Carnero, carne, crudo","Ram, meat, raw",100 g,100,304.95,16.32,26.63,0.0,0.0,11.76,10.94,2.08,74.0,15.0,152.0,1.61,214.0,56.0,2.53,0.0,0.0,17.0,2.04,35
418,1,05. CARNES Y EMBUTIDOS,"Carnero, hígado, crudo","Ram, liver, raw",100 g,100,122.6,20.3,4.2,0.9,0.0,1.94,1.05,0.75,371.0,14.0,287.0,6.6,313.0,70.0,4.66,18.0,7391.0,230.0,90.05,35
419,1,05. CARNES Y EMBUTIDOS,"Carnero, patas, cocido","Ram, paws, cooked",100 g,100,102.9,21.0,2.1,0.0,,,,,,52.0,26.0,1.0,,,,0.0,,,,35
420,5,05. CARNES Y EMBUTIDOS,"Cerdo (fritada), grasa y carne, frito, comercialmente preparado","Pork (Ecuadorian fried pork), fat and meat, fried, commercially prepared",100 g,100,380.6,29.8,26.2,6.4,,,,,,23.0,180.0,1.71,477.0,1330.0,3.05,,,,,35
421,2,05. CARNES Y EMBUTIDOS,"Cerdo, cabeza, cocido","Pork, head, cooked",100 g,100,228.49,26.14,13.77,0.0,0.0,4.85,5.93,1.51,87.0,20.0,219.0,1.1,338.0,379.0,3.04,0.1,2.0,2.0,0.69,35
422,1,05. CARNES Y EMBUTIDOS,"Cerdo, carne de costilla, cocido","Pork, ribs steak, cooked",100 g,100,363.26,24.26,29.58,0.0,0.0,10.99,13.46,2.32,118.0,45.0,195.0,1.38,315.0,101.0,3.37,0.0,3.0,3.0,0.64,35
423,1,05. CARNES Y EMBUTIDOS,"Cerdo, carne de costilla, crudo","Pork, ribs steak, raw",100 g,100,276.7,16.12,23.58,0.0,0.0,8.73,10.65,1.96,81.0,32.0,143.0,0.91,233.0,75.0,2.31,0.0,3.0,4.0,0.82,35
424,7,05. CARNES Y EMBUTIDOS,"Cerdo, carne deshidratada, picante, ahumada, Ferbola","Pork meet, dehydrated, spicy, smoked, Ferbola",100 g,100,378.57,78.57,7.14,0.0,,3.57,3.57,0.0,103.57,,,,,1071.43,,,,,,35
425,1,05. CARNES Y EMBUTIDOS,"Cerdo, carne magra, (lomo, espaldilla y costilla), cocida","Pork, lean meat, (leg, loin and ribs), cooked",100 g,100,201.15,28.62,9.63,0.0,0.0,3.51,4.32,0.76,81.0,18.0,249.0,1.09,425.0,58.0,2.53,1.0,2.0,1.0,0.73,35
426,1,05. CARNES Y EMBUTIDOS,"Cerdo, carne magra, (lomo, espaldilla y costilla), cruda","Pork, lean meat, (leg, loin and ribs), raw",100 g,100,136.66,21.43,5.66,0.0,0.0,1.95,2.56,0.61,59.0,17.0,211.0,0.84,389.0,52.0,1.84,1.0,2.0,5.0,0.63,35
427,1,05. CARNES Y EMBUTIDOS,"Cerdo, carne semi-magra, cocida","Pork, semi-lean meat, cooked",100 g,100,264.9,27.57,17.18,0.0,0.0,6.22,7.64,1.45,21.0,25.0,232.0,1.1,354.0,62.0,2.9,0.0,2.0,6.0,0.77,35
428,1,05. CARNES Y EMBUTIDOS,"Cerdo, carne semi-magra, cruda","Pork, semi-lean meat, raw",100 g,100,205.69,19.9,14.01,0.0,0.0,4.86,6.25,1.5,60.0,5.0,193.0,0.71,384.0,42.0,1.57,0.0,2.0,6.0,0.5,35
429,1,05. CARNES Y EMBUTIDOS,"Cerdo, carne, pierna o lomo, sin grasa, cruda","Pork, meat, leg or tenderloin, without fat, raw",100 g,100,239.55,17.43,18.87,0.0,0.0,6.54,8.38,2.01,73.0,5.0,199.0,0.85,315.0,47.0,1.93,1.0,2.0,7.0,0.63,35
430,2,05. CARNES Y EMBUTIDOS,"Cerdo, carne, semigrasosa, cruda","Pork, semi-greasy meat, raw",100 g,100,210.35,18.95,14.95,0.0,0.0,5.28,6.63,1.55,67.0,19.0,200.0,0.86,335.0,55.0,2.01,0.5,2.0,5.0,0.66,35
431,2,05. CARNES Y EMBUTIDOS,"Cerdo, cecina, carne seca, curada","Pork, dried meat, salty",100 g,100,210.35,18.95,14.95,0.0,0.0,5.28,6.63,1.55,67.0,19.0,200.0,0.86,335.0,55.0,2.01,0.5,2.0,5.0,0.66,35
432,1,05. CARNES Y EMBUTIDOS,"Cerdo, chicharrón, (con grasa), frito","Pork, chicharrón, with fat, fried",100 g,100,655.3,20.8,56.1,16.8,,14.32,13.7,3.61,74.0,61.0,149.0,2.8,,,,0.0,,,,35
433,2,05. CARNES Y EMBUTIDOS,"Cerdo, chuleta, cruda","Pork, chop, raw",100 g,100,119.65,21.88,3.57,0.0,0.0,1.12,,,69.0,18.0,,0.64,,58.0,,0.0,0.0,,,35
434,1,05. CARNES Y EMBUTIDOS,"Cerdo, cola o rabo, cocido","Pork, tail, cooked",100 g,100,390.2,17.0,35.8,0.0,0.0,12.45,16.89,3.94,129.0,14.0,47.0,0.79,157.0,25.0,1.64,0.0,0.0,4.0,0.55,36
435,1,05. CARNES Y EMBUTIDOS,"Cerdo, corazón, crudo","Pork, heart, raw",100 g,100,113.64,17.27,4.36,1.33,0.0,1.16,1.02,1.12,131.0,5.0,169.0,4.68,294.0,56.0,2.8,5.0,8.0,4.0,3.79,36
436,5,05. CARNES Y EMBUTIDOS,"Cerdo, cuero, cocinado, comercialmente preparado","Pork, skin, boiled, commercially prepared",100 g,100,213.1,10.6,18.3,1.5,,,,,,3.0,26.0,0.08,112.0,467.0,0.19,,,,,36
437,1,05. CARNES Y EMBUTIDOS,"Cerdo, estómago, crudo","Pork, stomach, raw",100 g,100,158.66,16.85,10.14,0.0,0.0,4.03,3.59,0.89,223.0,11.0,130.0,1.01,140.0,75.0,1.85,0.0,0.0,3.0,0.3,36
438,1,05. CARNES Y EMBUTIDOS,"Cerdo, hígado, crudo","Pork, liver, raw",100 g,100,128.29,21.39,3.65,2.47,0.0,1.17,0.52,0.87,301.0,9.0,288.0,23.3,273.0,87.0,5.76,25.0,6502.0,212.0,26.0,36
439,1,05. CARNES Y EMBUTIDOS,"Cerdo, lengua, cruda","Pork, tongue, raw",100 g,100,220.0,16.3,17.2,0.0,0.0,5.96,8.13,1.78,101.0,16.0,193.0,3.35,243.0,110.0,3.01,4.0,0.0,4.0,2.84,36
440,1,05. CARNES Y EMBUTIDOS,"Cerdo, patas, crudas","Pork, paw, raw",100 g,100,205.95,23.16,12.59,0.0,0.0,3.57,6.29,1.09,88.0,70.0,75.0,0.58,63.0,132.0,0.76,0.0,0.0,10.0,0.52,36
441,2,05. CARNES Y EMBUTIDOS,"Cerdo, queso de chancho","Headcheese, pork",100 g,100,153.42,13.83,10.9,0.0,0.0,3.4,5.6,1.13,69.0,16.0,56.0,1.5,31.0,941.0,0.97,0.0,0.0,2.0,1.05,36
442,1,05. CARNES Y EMBUTIDOS,"Cerdo, riñones, crudos","Pork, kidneys, raw",100 g,100,95.09,16.46,3.25,0.0,0.0,1.04,1.07,0.26,319.0,9.0,204.0,4.89,229.0,121.0,2.75,13.0,59.0,42.0,8.49,36
443,1,05. CARNES Y EMBUTIDOS,"Cerdo, tocino, asado","Bacon, pork, broil",100 g,100,529.9,37.04,41.78,1.43,0.0,13.74,18.52,4.75,110.0,11.0,533.0,1.44,565.0,2310.0,3.5,0.0,11.0,2.0,1.23,36
444,8,05. CARNES Y EMBUTIDOS,"Chontacuro, gusano mayón, crudo","Warm, gusano maguey, raw",100 g,100,251.0,9.0,23.0,2.0,,11.0,11.0,1.0,33.0,,,,,50.0,,,,,,36
445,1,05. CARNES Y EMBUTIDOS,"Chorizo, de res y cerdo, crudo","Sausage, pork and beef, raw",100 g,100,181.7,16.6,11.7,2.5,,,,,,40.0,144.0,4.7,,,,0.0,,,,36
446,3,05. CARNES Y EMBUTIDOS,"Codorniz, carne, cocida","Quail, meat, cooked",100 g,100,198.4,21.1,8.4,9.6,,,,,,78.0,129.0,4.6,,,,0.0,4.0,,,36
447,1,05. CARNES Y EMBUTIDOS,"Conejo, de crianza, carne, cocida","Rabbit, domesticated, meat, cooked",100 g,100,197.21,30.38,8.41,0.0,0.0,2.51,2.27,1.63,86.0,20.0,226.0,2.37,300.0,37.0,2.37,0.0,0.0,9.0,6.51,36
448,1,05. CARNES Y EMBUTIDOS,"Conejo, de crianza, carne, cruda","Rabbit, domesticated, meat, raw",100 g,100,130.15,20.05,5.55,0.0,0.0,1.66,1.5,1.08,57.0,13.0,213.0,1.57,330.0,41.0,1.57,0.0,0.0,8.0,7.16,36
449,2,05. CARNES Y EMBUTIDOS,"Cordero, pierna, carne magra, con hueso","Lamb, leg, lean meat, with bone",100 g,100,125.86,21.43,4.46,0.0,0.0,1.34,0.0,0.0,67.0,11.0,,1.65,348.0,62.0,,0.0,0.0,,,36
450,1,05. CARNES Y EMBUTIDOS,"Cordero, pierna, con hueso, cocida","Lamb, leg, with bone, cooked",100 g,100,182.86,28.3,7.74,0.0,0.0,2.76,3.39,0.51,89.0,8.0,206.0,2.12,338.0,68.0,4.94,0.0,0.0,23.0,2.64,36
451,1,05. CARNES Y EMBUTIDOS,"Cordero, pierna, sin hueso, cruda","Lamb, leg, boneless, raw",100 g,100,122.83,20.56,4.51,0.0,0.0,1.61,1.81,0.41,64.0,6.0,193.0,1.82,289.0,62.0,3.84,0.0,0.0,23.0,2.7,36
452,5,05. CARNES Y EMBUTIDOS,"Cuy, asado, con sal, comercialmente preparado","Guinea pig, meat and skin, grilled, commercially prepared",100 g,100,271.6,25.3,12.8,13.8,,,,,,8.0,134.0,5.36,216.0,686.0,4.36,,,,,36
453,1,05. CARNES Y EMBUTIDOS,"Cuy, cobayo, carne, cruda","Guinea pig, meat, raw",100 g,100,90.4,19.0,1.6,0.0,,,,,,29.0,253.0,1.9,,,,,,,,36
454,1,05. CARNES Y EMBUTIDOS,"Ganso, domesticado, carne con piel, crudo","Goose, domesticated, meat with skin, raw",100 g,100,366.02,15.86,33.62,0.0,0.0,9.78,17.77,3.76,80.0,12.0,234.0,2.5,308.0,73.0,1.72,4.0,17.0,4.0,0.34,36
455,1,05. CARNES Y EMBUTIDOS,"Huevo de codorniz, entero, fresco, crudo","Egg, quail, whole, fresh, raw",100 g,100,153.65,13.05,11.09,0.41,0.0,3.56,4.32,1.32,844.0,64.0,226.0,3.65,132.0,141.0,1.47,0.0,156.0,66.0,1.58,36
456,1,05. CARNES Y EMBUTIDOS,"Huevo de gallina, clara, cruda","Egg, white, raw",100 g,100,48.05,10.9,0.17,0.73,0.0,0.0,0.0,0.0,0.0,7.0,15.0,0.08,163.0,166.0,0.03,0.0,0.0,4.0,0.09,36
457,2,05. CARNES Y EMBUTIDOS,"Huevo de gallina, de campo, crudo","Egg, whole, raw",100 g,100,138.71,12.56,9.51,0.72,0.0,3.13,3.66,1.91,372.0,56.0,198.0,1.75,138.0,142.0,1.29,0.0,160.0,47.0,0.89,36
458,1,05. CARNES Y EMBUTIDOS,"Huevo de gallina, entero, crudo","Egg, whole, fresh, raw",100 g,100,142.86,12.58,9.94,0.77,0.0,3.1,3.81,1.36,423.0,53.0,191.0,1.83,134.0,140.0,1.11,0.0,140.0,47.0,1.29,37
459,1,05. CARNES Y EMBUTIDOS,"Huevo de gallina, yema, cruda","Egg, yolk, raw",100 g,100,316.66,15.86,26.54,3.59,0.0,9.55,11.74,4.2,1234.0,129.0,390.0,2.73,109.0,48.0,2.3,0.0,381.0,146.0,1.95,37
460,3,05. CARNES Y EMBUTIDOS,Huevo de pata,"Eggs, duck",100 g,100,161.5,13.1,11.1,2.3,0.0,,,,,58.0,193.0,1.7,,,1.41,1.0,194.0,,,37
461,1,05. CARNES Y EMBUTIDOS,"Jamón, de cerdo, 8% grasa","Pork, ham, 8% fat",100 g,100,157.67,18.26,8.39,2.28,0.0,2.7,3.94,0.93,53.0,7.0,236.0,0.9,297.0,1278.0,2.05,0.0,0.0,3.0,0.8,37
462,1,05. CARNES Y EMBUTIDOS,"Jamón, de cerdo, tipo picnic, jamonada, fresco","Pork, ham, picnic type, fresh",100 g,100,228.48,14.92,16.64,4.76,0.0,6.07,7.68,1.89,38.0,47.0,125.0,1.02,267.0,1164.0,2.18,0.0,0.0,2.0,1.5,37
463,1,05. CARNES Y EMBUTIDOS,"Jamón, de pavo, fresco","Turkey, ham, fresh",100 g,100,141.9,18.7,7.22,0.53,0.0,2.02,2.5,1.74,43.0,40.0,183.0,1.28,251.0,489.0,1.56,0.0,0.0,4.0,0.24,37
464,1,05. CARNES Y EMBUTIDOS,"Jamón, de pollo, fresco","Chicken ham, fresh",100 g,100,154.3,19.53,7.38,2.44,0.0,1.97,2.92,1.53,50.0,43.0,157.0,0.97,228.0,584.0,0.72,0.0,24.0,2.0,0.15,37
465,1,05. CARNES Y EMBUTIDOS,"Liebre, carne, cruda","Hare, meat, raw",100 g,100,129.0,21.0,5.0,0.0,,2.0,2.0,1.0,65.0,12.0,157.0,3.2,260.0,43.0,1.4,,,,10.0,37
466,3,05. CARNES Y EMBUTIDOS,"Llama, carne, fresca, cruda","Llama, meat, fresh, raw",100 g,100,130.5,22.5,3.3,2.7,,,,,,47.0,189.0,4.62,,,,,6.0,,,37
467,1,05. CARNES Y EMBUTIDOS,"Longaniza, de cerdo, cruda","Sausage, italian, pork, raw",100 g,100,384.3,7.7,38.3,2.2,,,,,,41.0,98.0,3.7,,,,2.0,,,,37
468,1,05. CARNES Y EMBUTIDOS,"Morcilla, moronga, con grasa","Blood sausage, with fat",100 g,100,179.2,13.8,12.8,2.2,,5.0,5.6,1.2,120.0,10.0,44.0,37.0,,,,2.0,20.0,,,37
469,2,05. CARNES Y EMBUTIDOS,"Mortadela tipo bologña, de cerdo","Bologna, pork",100 g,100,242.95,15.3,19.87,0.73,0.0,6.84,9.73,2.11,59.0,11.0,139.0,0.77,281.0,907.0,2.03,0.0,0.0,5.0,0.93,37
470,1,05. CARNES Y EMBUTIDOS,"Mortadela, de cerdo y res","Mortadella, beef and pork",100 g,100,306.19,16.37,25.39,3.05,0.0,9.51,11.38,3.12,56.0,18.0,97.0,1.4,163.0,1246.0,2.1,0.0,0.0,3.0,1.48,37
471,1,05. CARNES Y EMBUTIDOS,"Paloma, carne con piel, crudo","Squab, pigeon, meat with skin, raw",100 g,100,288.08,18.47,23.8,0.0,0.0,8.43,9.72,3.07,95.0,12.0,248.0,3.54,199.0,54.0,2.2,5.0,73.0,6.0,0.4,37
472,1,05. CARNES Y EMBUTIDOS,"Paté, de hígado, enlatado","Pate, liver, canned",100 g,100,458.84,11.4,43.84,4.67,0.0,14.45,25.61,0.84,150.0,70.0,200.0,5.5,138.0,697.0,0.92,0.0,1001.0,60.0,9.4,37
473,1,05. CARNES Y EMBUTIDOS,"Pato, de crianza, carne con piel, crudo","Breeding duck, meat with skin, raw",100 g,100,321.4,16.0,28.6,0.0,,9.67,11.52,3.36,84.0,15.0,188.0,1.8,204.0,59.0,1.86,0.0,63.0,,0.3,37
474,2,05. CARNES Y EMBUTIDOS,"Pavo, carne (pechuga), sin piel, cruda","Turkey, breast, meat with skin, raw",100 g,100,108.22,21.28,2.5,0.15,0.0,0.68,0.76,0.61,79.0,11.0,176.0,1.04,226.0,124.0,2.59,0.0,13.0,7.0,0.0,37
475,1,05. CARNES Y EMBUTIDOS,"Pepperoni, res y cerdo, crudo","Pepperoni, beef and pork, raw",100 g,100,460.08,20.35,40.28,4.04,1.5,16.09,19.04,2.63,118.0,21.0,176.0,1.44,315.0,1788.0,2.73,1.0,0.0,6.0,1.57,37
476,1,05. CARNES Y EMBUTIDOS,"Pollo, alas, con piel, a la parrilla, cocidas","Chicken, wings, with skin, broilers, cooked",100 g,100,242.5,22.78,16.82,0.0,0.0,4.71,6.6,3.58,70.0,12.0,121.0,1.13,139.0,67.0,1.63,0.0,40.0,3.0,0.18,37
477,1,05. CARNES Y EMBUTIDOS,"Pollo, alas, con piel, crudas","Chicken, wings, with skin, raw",100 g,100,217.05,18.33,15.97,0.0,0.0,4.48,6.35,3.39,77.0,12.0,132.0,0.95,156.0,73.0,1.33,1.0,44.0,4.0,0.32,37
478,1,05. CARNES Y EMBUTIDOS,"Pollo, corazón, crudo","Chicken, heart, raw",100 g,100,149.01,15.55,9.33,0.71,0.0,2.66,2.37,2.71,136.0,12.0,177.0,5.96,176.0,74.0,6.59,3.0,9.0,72.0,7.29,37
479,1,05. CARNES Y EMBUTIDOS,"Pollo, hígado, cocido","Chicken, liver, cooked",100 g,100,159.91,24.46,6.51,0.87,0.0,2.06,1.42,2.01,563.0,11.0,405.0,11.63,263.0,76.0,3.98,28.0,3981.0,578.0,16.85,37
480,1,05. CARNES Y EMBUTIDOS,"Pollo, hígado, crudo","Chicken, liver, raw",100 g,100,111.15,16.92,4.83,0.0,0.0,1.56,1.25,0.82,345.0,8.0,297.0,8.99,230.0,71.0,2.67,18.0,3296.0,588.0,16.58,37
481,1,05. CARNES Y EMBUTIDOS,"Pollo, molleja, cocida","Chicken, gizzard, cooked",100 g,100,145.68,30.39,2.68,0.0,0.0,0.67,0.53,0.35,370.0,17.0,189.0,3.19,179.0,56.0,4.42,0.0,0.0,5.0,1.04,37
482,1,05. CARNES Y EMBUTIDOS,"Pollo, molleja, cruda","Chicken, gizzard, cruda",100 g,100,89.18,17.66,2.06,0.0,0.0,0.53,0.51,0.36,240.0,11.0,148.0,2.49,237.0,69.0,272.0,4.0,19.0,5.0,1.21,37
483,1,05. CARNES Y EMBUTIDOS,"Pollo, muslos, sin piel, a la parrilla, cocido","Chicken, thighs, without skin, broiler, cooked",100 g,100,188.11,25.0,9.79,0.0,0.0,2.71,3.7,2.24,90.0,11.0,149.0,1.42,183.0,75.0,2.58,0.0,19.0,7.0,0.21,37
484,1,05. CARNES Y EMBUTIDOS,"Pollo, muslos, sin piel, a la parrilla, crudo","Chicken, thighs, without skin, broiler, raw",100 g,100,201.68,25.94,10.88,0.0,0.0,3.03,4.15,2.48,95.0,12.0,183.0,1.31,238.0,88.0,2.57,0.0,20.0,8.0,0.31,38
485,1,05. CARNES Y EMBUTIDOS,"Pollo, pechuga, con piel, cruda","Chicken, breast, with skin, raw",100 g,100,166.65,20.85,9.25,0.0,0.0,2.66,3.82,1.96,64.0,11.0,174.0,0.74,220.0,63.0,0.8,0.0,25.0,4.0,0.34,38
486,1,05. CARNES Y EMBUTIDOS,"Pollo, pechuga, sin piel, a la parrilla, cocida","Chicken, breast, without skin, broiler, cooked",100 g,100,143.19,28.98,3.03,0.0,0.0,0.85,1.03,0.66,77.0,13.0,165.0,0.88,187.0,63.0,0.97,0.0,6.0,3.0,0.23,38
487,1,05. CARNES Y EMBUTIDOS,"Pollo, pierna, con piel, a la parrilla, cocida","Chicken, leg, with skin, broilers, cooked",100 g,100,212.96,24.17,12.92,0.0,0.0,3.57,5.04,2.87,84.0,11.0,139.0,1.35,176.0,73.0,2.43,0.0,37.0,6.0,0.2,38
488,1,05. CARNES Y EMBUTIDOS,"Pollo, pierna, con piel, cruda","Chicken, leg, with skin, raw",100 g,100,181.68,18.15,12.12,0.0,0.0,3.41,4.89,2.65,83.0,10.0,149.0,1.01,198.0,79.0,1.77,3.0,37.0,11.0,0.32,38
489,1,05. CARNES Y EMBUTIDOS,"Res, carne alta en grasa, sin hueso, cruda","Beef, high in fat, boneless, raw",100 g,100,282.82,18.28,23.3,0.0,0.0,9.56,10.13,0.87,68.0,7.0,171.0,1.79,297.0,53.0,3.38,0.0,0.0,6.0,2.78,38
490,7,05. CARNES Y EMBUTIDOS,"Res, carne deshidratada, picante, Clintons","Beef meet, dehydrates, spicy, Clintons",100 g,100,305.0,50.0,5.0,15.0,0.0,2.5,,,95.0,,,,,1850.0,,,,,,38
491,1,05. CARNES Y EMBUTIDOS,"Res, carne magra, cruda","Beef, lean meet, raw",100 g,100,119.62,22.03,3.5,0.0,0.0,1.2,1.48,0.15,58.0,4.0,215.0,2.15,375.0,57.0,3.51,0.0,0.0,9.0,2.98,38
492,2,05. CARNES Y EMBUTIDOS,"Res, carne molida, alta en grasa, 7% grasa, cruda","Beef, ground, high fat, 7% fat, raw",100 g,100,248.8,17.2,20.0,0.0,0.0,7.58,8.85,0.52,71.0,18.0,158.0,1.94,270.0,66.0,4.18,0.0,4.0,7.0,2.14,38
493,2,05. CARNES Y EMBUTIDOS,"Res, carne molida, baja en grasa, 1-3% grasa, cruda","Beef, ground, low fat, 1- 3% fat, raw",100 g,100,114.92,21.98,3.0,0.0,0.0,1.48,1.13,0.22,60.0,8.0,203.0,2.44,357.0,66.0,5.21,0.0,4.0,4.0,2.26,38
494,2,05. CARNES Y EMBUTIDOS,"Res, carne molida, especial, 3-5% grasa, cruda","Beef, ground, special, 3-5% fat, raw",100 g,100,130.64,21.41,5.0,0.0,0.0,2.18,1.99,0.26,62.0,9.0,198.0,2.38,346.0,66.0,5.09,0.0,4.0,5.0,2.24,38
495,1,05. CARNES Y EMBUTIDOS,"Res, carne semigrasosa, cocida","Beef, semi-greasy, cooked",100 g,100,256.78,26.44,16.78,0.0,0.0,6.61,6.99,0.62,88.0,19.0,204.0,1.69,328.0,54.0,4.75,0.0,0.0,8.0,1.56,38
496,1,05. CARNES Y EMBUTIDOS,"Res, carne semigrasosa, sin hueso, cruda","Beef, semy-greasy, boneless, raw",100 g,100,229.07,18.68,17.15,0.0,0.0,6.91,7.42,0.63,66.0,7.0,177.0,1.91,306.0,58.0,3.75,0.0,0.0,6.0,2.95,38
497,2,05. CARNES Y EMBUTIDOS,"Res, carne, alta en grasa, con hueso, cruda","Beef, high fat meat, with bones, raw",100 g,100,282.55,16.75,23.95,0.0,0.0,9.88,10.32,0.86,70.0,9.0,159.0,1.77,278.0,55.0,3.79,,0.0,5.0,2.86,38
498,2,05. CARNES Y EMBUTIDOS,"Res, carne, seca y curada","Beef, dried meat, salty",100 g,100,152.9,31.1,1.94,2.76,0.0,0.95,0.84,0.07,79.0,8.0,181.0,2.42,235.0,2790.0,4.93,0.0,0.0,10.0,1.59,38
499,1,05. CARNES Y EMBUTIDOS,"Res, cecina, carne seca, curada","Beef, dried meat, salty",100 g,100,299.7,64.8,4.5,0.0,,,,,,93.0,161.0,9.7,444.0,3471.0,5.24,0.0,0.0,,,38
500,1,05. CARNES Y EMBUTIDOS,"Res, corazón, cocido","Beef, heart, cooked",100 g,100,157.09,28.48,4.73,0.15,0.0,1.4,1.01,0.99,212.0,5.0,254.0,6.38,219.0,59.0,2.87,0.0,0.0,5.0,10.8,38
501,1,05. CARNES Y EMBUTIDOS,"Res, corazón, crudo","Beef, heart, raw",100 g,100,110.6,17.0,3.4,3.0,0.0,1.38,1.14,0.55,124.0,10.0,187.0,5.4,287.0,98.0,1.7,,0.0,3.0,8.55,38
502,2,05. CARNES Y EMBUTIDOS,"Res, corte aguja, (mandril para estofado), cocida","Beef, chuck for stew, cooked",100 g,100,191.02,32.41,6.82,0.0,0.0,2.08,3.5,0.45,99.0,16.0,228.0,2.96,319.0,67.0,8.32,0.0,2.0,8.0,2.73,38
503,2,05. CARNES Y EMBUTIDOS,"Res, corte aguja, (mandril para estofado), cruda","Beef, chuck for stew, raw",100 g,100,124.35,21.9,3.99,0.21,0.0,1.75,2.16,0.29,66.0,14.0,209.0,2.2,359.0,81.0,5.51,0.0,2.0,4.0,2.42,38
504,2,05. CARNES Y EMBUTIDOS,"Res, corte t- bone, cruda","Beef, short loin, t-bone, raw",100 g,100,153.83,22.1,7.27,0.0,0.0,2.78,3.09,0.37,59.0,21.0,196.0,1.65,263.0,35.0,3.86,0.0,0.0,4.0,1.79,38
505,2,05. CARNES Y EMBUTIDOS,"Res, costilla, , crudo","Beef, rib steak, raw",100 g,100,288.56,20.0,20.0,7.14,0.7,7.86,,,75.0,7.0,,1.67,,181.0,,0.0,0.0,,,38
506,2,05. CARNES Y EMBUTIDOS,"Res, costillas, cruda","Beef, back ribs, raw",100 g,100,385.27,14.4,36.23,0.4,0.0,15.76,16.39,1.32,76.0,9.0,137.0,1.55,232.0,49.0,3.16,0.0,0.0,5.0,2.56,38
507,2,05. CARNES Y EMBUTIDOS,"Res, cuello, pescuezo, cocido","Beef, neck with bones, cooked",100 g,100,291.02,29.87,19.06,0.0,0.0,7.56,8.21,0.72,119.0,17.0,181.0,2.51,240.0,372.0,6.92,0.0,0.0,9.0,2.2,38
508,1,05. CARNES Y EMBUTIDOS,"Res, estómago, panza, mondongo, crudo","Beef, cows stomach, raw",100 g,100,85.9,14.0,2.7,1.4,0.0,1.29,1.53,0.18,122.0,60.0,50.0,2.2,67.0,97.0,1.42,0.0,21.0,5.0,1.39,39
509,2,05. CARNES Y EMBUTIDOS,"Res, falda","Beef, flank, steak, raw",100 g,100,139.42,21.22,6.06,0.0,0.0,5.87,6.56,0.43,68.0,15.0,171.0,2.09,295.0,66.0,4.48,0.0,0.0,6.0,2.17,39
510,2,05. CARNES Y EMBUTIDOS,"Res, filete, bistec, crudo","Beef, steak, raw",100 g,100,217.23,18.87,15.75,0.0,0.0,6.37,6.82,0.58,65.0,7.0,178.0,1.92,309.0,58.0,3.79,0.0,0.0,7.0,2.97,39
511,2,05. CARNES Y EMBUTIDOS,"Res, filete, ribeye, cruda","Beef, rib eye steak, raw",100 g,100,207.74,20.12,14.14,0.0,0.0,6.29,6.77,0.69,61.0,7.0,144.0,1.72,268.0,52.0,5.13,0.0,4.5,3.0,1.66,39
512,1,05. CARNES Y EMBUTIDOS,"Res, hígado, asado","Beef, liver, cooked",100 g,100,184.18,29.08,5.26,5.13,0.0,1.7,0.65,1.04,396.0,6.0,497.0,6.54,352.0,79.0,5.3,2.0,9442.0,253.0,70.58,39
513,1,05. CARNES Y EMBUTIDOS,"Res, hígado, crudo","Beef, liver, raw",100 g,100,129.67,20.36,3.63,3.89,0.0,1.23,0.48,0.47,275.0,5.0,387.0,4.9,313.0,69.0,4.0,1.0,8082.0,290.0,59.3,39
514,1,05. CARNES Y EMBUTIDOS,"Res, intestinos, tripas, cruda","Beef, gut, tripe, raw",100 g,100,215.9,11.0,19.1,0.0,0.0,15.0,1.31,1.1,150.0,12.0,110.0,1.8,270.0,46.0,2.47,0.0,53.0,,0.1,39
515,1,05. CARNES Y EMBUTIDOS,"Res, lengua, cocida","Beef, tongue, cooked",100 g,100,282.36,19.29,22.8,0.0,0.0,8.13,10.1,0.75,132.0,5.0,145.0,2.61,184.0,65.0,4.09,1.0,0.0,7.0,3.13,39
516,1,05. CARNES Y EMBUTIDOS,"Res, lengua, cruda","Beef, tongue, raw",100 g,100,219.13,14.9,16.09,3.68,0.0,7.0,7.24,0.9,87.0,6.0,133.0,2.95,315.0,69.0,2.87,3.0,0.0,7.0,3.79,39
517,2,05. CARNES Y EMBUTIDOS,"Res, lomo falda con grasa, bife chorizo, cocida","Beef, sausage steak,cooked",100 g,100,253.75,26.11,16.59,0.0,0.0,6.78,7.41,0.73,87.0,13.0,180.0,2.2,271.0,50.0,5.1,0.0,3.0,7.0,1.81,39
518,2,05. CARNES Y EMBUTIDOS,"Res, lomo falda con grasa, bife chorizo, cruda","Beef, sausage, steak, raw",100 g,100,187.84,19.06,12.4,0.0,0.0,5.22,5.62,0.54,68.0,17.0,168.0,1.52,279.0,51.0,3.84,0.0,2.0,7.0,1.29,39
519,2,05. CARNES Y EMBUTIDOS,"Res, lomo fino, filete, crudo","Beef, tenderloin, steak, raw",100 g,100,137.01,22.35,5.29,0.0,0.0,1.76,,,75.0,29.0,,2.12,,41.0,,0.0,0.0,,,39
520,1,05. CARNES Y EMBUTIDOS,"Res, pata, cruda","Beef, cows paw, raw de res",100 g,100,78.9,12.1,2.9,1.1,,,,,,101.0,,2.0,,,,0.0,,,,39
521,1,05. CARNES Y EMBUTIDOS,"Res, riñones, cocido","Beef, kidneys, cooked",100 g,100,150.93,27.27,4.65,0.0,0.0,1.07,0.71,0.83,716.0,19.0,304.0,5.8,135.0,94.0,2.84,0.0,0.0,83.0,24.9,39
522,1,05. CARNES Y EMBUTIDOS,"Res, riñones, crudos","Beef, kidneys, raw",100 g,100,98.57,17.4,3.09,0.29,0.0,0.87,0.59,0.55,411.0,13.0,257.0,4.6,262.0,182.0,1.92,9.0,419.0,98.0,27.5,39
523,6,05. CARNES Y EMBUTIDOS,"Res, sangre, cocida","Beef, blood, cooked",100 g,100,137.22,19.5,6.58,0.0,,,,,,20.0,37.0,61.4,,,,0.0,0.0,,,39
524,1,05. CARNES Y EMBUTIDOS,"Res, sesos, cocidos","Beef, brains, coolked",100 g,100,147.37,11.67,10.53,1.48,0.0,2.39,1.88,1.63,3100.0,9.0,335.0,2.3,244.0,108.0,1.09,11.0,6.0,5.0,10.1,39
525,1,05. CARNES Y EMBUTIDOS,"Res, ubre, cruda","Cows udder, raw",100 g,100,229.9,15.4,18.7,0.0,,,,,,70.0,160.0,2.6,,,,0.0,,,,39
526,1,05. CARNES Y EMBUTIDOS,"Salami, de res y cerdo, cocido","Salami, beef and pork, cooked",100 g,100,245.67,13.92,20.11,2.25,0.0,8.09,9.19,2.02,65.0,13.0,115.0,2.67,198.0,1065.0,2.14,0.0,0.0,2.0,3.65,39
527,1,05. CARNES Y EMBUTIDOS,"Salami, de res y cerdo, crudo","Salami, beef and pork, raw",100 g,100,360.94,15.01,30.5,6.6,0.2,10.58,13.32,3.07,90.0,94.0,272.0,1.55,1372.0,623.0,3.08,1.0,4.0,8.0,1.76,39
528,1,05. CARNES Y EMBUTIDOS,"Salchicha, de pavo, cruda","Turkey sausage, raw",100 g,100,222.38,14.28,17.7,1.49,0.0,5.89,5.58,5.0,107.0,106.0,134.0,1.84,179.0,1426.0,3.11,0.0,0.0,8.0,0.28,39
529,1,05. CARNES Y EMBUTIDOS,"Salchicha, de pollo, cruda","Chicken sausage, raw",100 g,100,254.16,12.93,19.48,6.78,0.0,5.54,8.48,4.04,101.0,95.0,107.0,2.0,84.0,1370.0,1.04,0.0,39.0,4.0,0.24,39
530,1,05. CARNES Y EMBUTIDOS,"Salchicha, de res, cruda","Beef sausage, raw",100 g,100,327.33,11.24,29.57,4.06,0.0,11.69,14.31,1.18,53.0,14.0,160.0,1.51,156.0,1140.0,2.46,0.0,0.0,5.0,1.72,39
531,1,05. CARNES Y EMBUTIDOS,"Ternera, carne magra, cocida","Veal, lean meet, cooked",100 g,100,186.82,31.9,6.58,0.0,0.0,1.84,2.35,0.59,118.0,24.0,250.0,1.16,338.0,89.0,5.1,0.0,0.0,16.0,1.65,39
532,1,05. CARNES Y EMBUTIDOS,"Ternera, carne magra, cruda","Veal, lean meet, raw",100 g,100,106.63,20.2,2.87,0.0,0.0,0.86,0.92,0.3,83.0,15.0,211.0,0.85,328.0,86.0,3.23,0.0,0.0,13.0,1.4,39
533,3,05. CARNES Y EMBUTIDOS,"Venado, carne, fresca, cruda","Deer, meat, fresh, raw",100 g,100,104.4,22.9,0.8,1.4,,,,,,65.0,2.0,,,,,,,,,39
534,1,06. PESCADOS Y MARISCOS,"Almejas, crudas","Clam, mixed species, raw",100 g,100,70.09,12.77,0.97,2.57,0.0,0.09,0.08,0.28,34.0,46.0,169.0,13.98,314.0,56.0,1.37,13.0,90.0,16.0,49.44,41
535,2,06. PESCADOS Y MARISCOS,"Atún, blanco, albacora, crudo","Albacora tuna, raw",100 g,100,116.07,23.46,2.47,0.0,0.0,0.62,,,31.0,0.0,,1.33,,259.0,,0.0,0.0,,,41
536,1,06. PESCADOS Y MARISCOS,"Atún, en aceite, enlatado, promedio","Tuna, in oil, canned, average",100 g,100,178.84,26.53,8.08,0.0,0.0,1.28,3.26,2.97,31.0,4.0,267.0,0.65,333.0,396.0,0.47,0.0,5.0,5.0,2.2,41
537,1,06. PESCADOS Y MARISCOS,"Atún, en agua, enlatado, promedio","Tuna, in water, canned, average",100 g,100,121.21,23.62,2.97,0.0,0.0,0.79,0.78,1.11,42.0,14.0,217.0,0.97,237.0,377.0,0.48,0.0,6.0,2.0,1.17,41
538,2,06. PESCADOS Y MARISCOS,"Atún, en agua, enlatado, sin sal","Tuna, in water, canned, without salt",100 g,100,109.42,25.51,0.82,0.0,0.0,0.23,0.16,0.34,30.0,11.0,163.0,1.53,237.0,50.0,0.77,0.0,16.8,4.0,2.99,41
539,7,06. PESCADOS Y MARISCOS,"Atún, lomitos, en aceite, girasol, Isabel","Tuna, tenderloins, in sunflower oil, Isabel",100 g,100,207.27,27.27,10.91,0.0,0.0,1.82,1.82,5.45,18.18,,,,,472.73,,,,,,41
540,3,06. PESCADOS Y MARISCOS,"Ayanque, cachema","Ayanque, cachema, fish",100 g,100,82.9,19.6,0.5,0.0,,,,,,126.0,240.0,0.3,,,,4.7,,,,41
541,1,06. PESCADOS Y MARISCOS,"Bacalao, seco y salado","Cod, atlantic, dried and salted",100 g,100,272.61,62.82,2.37,0.0,0.0,0.46,0.34,0.8,152.0,160.0,950.0,2.5,1458.0,7027.0,1.59,4.0,42.0,25.0,10.0,41
542,1,06. PESCADOS Y MARISCOS,"Bagre, fresco, crudo","Catfish, wild, fresh, raw",100 g,100,90.9,16.38,2.82,0.0,0.0,0.72,0.84,0.87,58.0,14.0,209.0,0.3,358.0,43.0,0.51,1.0,15.0,10.0,2.23,41
543,2,06. PESCADOS Y MARISCOS,"Banderon, fresco, crudo","Swordfish, fresh, raw",100 g,100,138.49,19.66,6.65,0.0,0.0,1.61,3.0,1.15,66.0,5.0,255.0,0.38,418.0,81.0,0.66,0.0,36.0,2.0,1.7,41
544,1,06. PESCADOS Y MARISCOS,"Bonito, fresco, crudo","Bluefin, fresh, raw",100 g,100,161.7,24.0,7.3,0.0,,,,,,26.0,,0.7,293.0,40.0,0.3,0.0,,,,41
545,3,06. PESCADOS Y MARISCOS,"Caballa, fresco","Caballa, fresh",100 g,100,122.1,19.5,4.9,0.0,,,,,,,,,,,,,,,,41
546,1,06. PESCADOS Y MARISCOS,"Calamar, fresco, crudo","Squid, mixed species, fresh, raw",100 g,100,87.06,15.58,1.38,3.08,0.0,0.36,0.11,0.52,233.0,32.0,221.0,0.68,246.0,44.0,1.53,5.0,10.0,5.0,1.3,41
547,1,06. PESCADOS Y MARISCOS,"Camarón, fresco, cocido","Shrimp, fresh, cooked",100 g,100,93.36,20.91,1.08,0.0,0.0,0.29,0.2,0.44,195.0,39.0,137.0,3.09,182.0,224.0,1.56,2.0,68.0,4.0,1.49,41
548,1,06. PESCADOS Y MARISCOS,"Camarón, fresco, crudo","Shrimp, fresh, raw",100 g,100,100.45,20.31,1.73,0.91,0.0,0.33,0.25,0.67,152.0,52.0,205.0,2.41,185.0,148.0,1.11,2.0,54.0,3.0,1.16,41
549,2,06. PESCADOS Y MARISCOS,"Cangrejo, enlatado","Crab, canned",100 g,100,78.18,17.88,0.74,0.0,0.0,0.2,0.13,0.26,97.0,91.0,234.0,0.5,259.0,563.0,3.81,3.3,1.0,51.0,3.33,41
550,1,06. PESCADOS Y MARISCOS,"Cangrejo, fresco, cocido","Crab, fresh, cooked",100 g,100,92.9,14.8,2.9,1.9,,0.2,0.2,0.5,78.0,423.0,203.0,4.1,265.0,41.0,4.3,,651.0,,,41
551,1,06. PESCADOS Y MARISCOS,"Cangrejo, fresco, crudo","Crab, fresh, raw",100 g,100,88.3,17.3,1.9,0.5,,0.3,0.3,0.9,150.0,43.0,175.0,0.8,110.0,1000.0,4.3,2.0,,,,41
552,2,06. PESCADOS Y MARISCOS,"Caracoles, churos, crudos","Molluska snail, raw",100 g,100,85.0,16.1,1.4,2.0,0.0,0.36,0.26,0.25,50.0,10.0,272.0,3.5,382.0,70.0,1.0,0.0,30.0,6.0,0.5,41
553,1,06. PESCADOS Y MARISCOS,"Cochas, carne, cruda","Seashell, concha, meat, raw",100 g,100,83.4,16.78,0.76,2.36,0.0,0.08,0.04,0.26,33.0,24.0,219.0,0.29,322.0,161.0,0.95,3.0,15.0,16.0,1.53,41
554,1,06. PESCADOS Y MARISCOS,"Corvina, fresca, cruda","Croaker, atlantic, fresh, raw",100 g,100,99.65,17.78,3.17,0.0,0.0,1.09,1.15,0.46,61.0,15.0,210.0,0.37,345.0,56.0,0.42,0.0,18.0,15.0,2.5,41
555,2,06. PESCADOS Y MARISCOS,"Dorado, fresco, crudo","Mahimahi fish, fresh, raw",100 g,100,80.3,18.5,0.7,0.0,0.0,0.19,0.12,0.17,73.0,15.0,143.0,1.13,416.0,88.0,0.46,0.0,54.0,5.0,0.6,41
556,1,06. PESCADOS Y MARISCOS,"Huevos de pescado, promedio","Roe, mixed species, raw",100 g,100,95.8,17.2,3.0,0.0,,,,,,24.0,274.0,1.8,,,,10.0,,,,41
557,3,06. PESCADOS Y MARISCOS,"Jurel, fresco, crudo","Mackerel, fresh, raw",100 g,100,114.8,19.7,4.0,,,,,,,30.0,325.0,1.8,,,,,,,,41
558,2,06. PESCADOS Y MARISCOS,"Langosta, carne, cruda","Lobster, meat, raw",100 g,100,72.83,16.52,0.75,0.0,0.0,0.18,0.22,0.3,127.0,84.0,161.0,0.26,200.0,423.0,3.53,0.0,1.0,10.0,1.25,41
559,1,06. PESCADOS Y MARISCOS,"Langostino, fresco, pelado, crudo","Crayfish, fresh, peeled, raw",100 g,100,72.43,15.97,0.95,0.0,0.0,0.16,0.17,0.29,114.0,27.0,256.0,0.84,302.0,58.0,1.3,1.0,16.0,37.0,2.0,42
560,1,06. PESCADOS Y MARISCOS,"Lenguado, fresco, crudo","Flatfish, fresh, raw",100 g,100,86.07,18.84,1.19,0.0,0.0,0.28,0.23,0.33,48.0,18.0,184.0,0.36,361.0,81.0,0.45,2.0,10.0,8.0,1.52,42
561,3,06. PESCADOS Y MARISCOS,Machete,"Machete, fish",100 g,100,130.6,20.5,5.4,,,,,,,49.0,217.0,1.9,,,,5.9,,,,42
562,1,06. PESCADOS Y MARISCOS,"Mero, fresco, crudo","Grouper, fresh, raw",100 g,100,103.85,20.81,2.29,0.0,0.0,0.32,0.75,0.73,32.0,47.0,222.0,0.84,450.0,54.0,0.42,0.0,47.0,12.0,1.18,42
563,2,06. PESCADOS Y MARISCOS,"Ostiones, crudos","Oyster, pacific, raw",100 g,100,78.3,9.45,2.3,4.95,0.0,0.51,0.36,0.89,50.0,8.0,162.0,5.11,162.0,106.0,16.62,8.0,81.0,10.0,16.0,42
564,2,06. PESCADOS Y MARISCOS,"Pampanito, carita, fresco, crudo","Pompano, florida, fresh, raw",100 g,100,159.15,18.48,9.47,0.0,0.0,3.51,2.59,1.14,50.0,22.0,195.0,0.6,381.0,75.0,0.72,0.0,40.0,15.0,1.3,42
565,1,06. PESCADOS Y MARISCOS,"Pargo, fresco, crudo","Snapper, fresh, raw",100 g,100,100.09,18.88,2.73,0.0,0.0,0.64,0.56,1.03,52.0,40.0,185.0,0.53,287.0,42.0,0.48,0.0,27.0,15.0,1.4,42
566,1,06. PESCADOS Y MARISCOS,"Picudo, pez espada, fresco, crudo","Swordfish, small, fresh, raw",100 g,100,161.7,24.0,7.3,0.0,,,,,,26.0,,0.7,293.0,40.0,0.3,0.0,,,,42
567,1,06. PESCADOS Y MARISCOS,"Pulpo, común, crudo","Octopus, common, raw",100 g,100,77.8,14.91,1.04,2.2,0.0,0.23,0.16,0.24,48.0,53.0,186.0,5.3,350.0,230.0,1.68,5.0,45.0,16.0,20.0,42
568,1,06. PESCADOS Y MARISCOS,"Róbalo, fresco, crudo","Bass fish, fresh, raw",100 g,100,91.72,18.43,2.0,0.0,0.0,0.51,0.42,0.74,41.0,10.0,194.0,0.29,256.0,68.0,0.4,0.0,55.0,5.0,0.3,42
569,1,06. PESCADOS Y MARISCOS,"Salmón, ahumado","Salmon, chinook, smoked",100 g,100,112.0,18.28,4.32,0.0,0.0,0.93,2.02,1.0,23.0,11.0,164.0,0.85,175.0,784.0,0.31,0.0,26.0,2.0,3.26,42
570,1,06. PESCADOS Y MARISCOS,"Salmón, fresco, crudo","Salmon, sockeye, fresh, raw",100 g,100,173.59,19.93,10.43,0.0,0.0,3.1,4.4,2.8,50.0,26.0,289.0,0.25,394.0,47.0,0.44,4.0,136.0,30.0,1.3,42
571,1,06. PESCADOS Y MARISCOS,"Sardinas,con hueso, en aceite, enlatadas","Sardine, with bones, in oil, canned",100 g,100,201.53,24.62,11.45,0.0,0.0,1.53,3.87,5.15,142.0,382.0,490.0,2.92,397.0,505.0,1.31,0.0,32.0,12.0,8.94,42
572,1,06. PESCADOS Y MARISCOS,"Sardinas,con hueso, en salsa de tomate, enlatadas","Sardine, with bones, in tomatoe sausage, canned",100 g,100,180.54,20.86,10.46,0.74,0.1,2.69,4.82,2.11,61.0,240.0,366.0,2.3,341.0,414.0,1.4,1.0,34.0,24.0,9.0,42
573,1,06. PESCADOS Y MARISCOS,"Sierra, fresco, crudo","Mackerel, pacific jack, fresh, raw",100 g,100,128.6,21.8,4.6,0.0,0.0,0.13,0.09,0.23,43.0,54.0,238.0,1.2,413.0,54.0,0.45,,12.0,7.0,0.91,42
574,1,06. PESCADOS Y MARISCOS,"Tilapia, fresca, asada","Tilapia fish, fresh, cooked",100 g,100,128.45,26.15,2.65,0.0,0.0,0.94,0.95,0.6,57.0,14.0,204.0,0.69,380.0,56.0,0.41,0.0,0.0,6.0,1.86,42
575,1,06. PESCADOS Y MARISCOS,"Tilapia, fresca, cruda","Tilapia fish, fresh, raw",100 g,100,95.62,20.08,1.7,0.0,0.0,0.57,0.49,0.39,50.0,10.0,170.0,0.56,302.0,52.0,0.33,0.0,0.0,24.0,1.58,42
576,3,06. PESCADOS Y MARISCOS,"Toyo, fresco, crudo","Shark, mixed species, fresh, raw",100 g,100,83.4,19.5,0.6,,,,,,,20.0,229.0,3.43,,,,29.3,,,,42
577,1,06. PESCADOS Y MARISCOS,"Trucha, fresca, cruda","Trout, mixed species, fresca, raw",100 g,100,142.57,20.77,6.61,0.0,0.0,1.15,3.25,1.5,58.0,43.0,245.0,1.5,361.0,52.0,0.66,1.0,17.0,13.0,7.79,42
578,2,07. LÁCTEOS,"Crema agria, promedio","Sourcream, average",100 g,100,175.0,3.33,15.0,6.67,0.0,3.33,,,0.0,67.0,,0.0,0.0,133.0,,0.0,0.0,,,44
579,3,07. LÁCTEOS,"Crema de leche, espesa","Milk cream, thick",100 g,100,352.6,2.1,37.0,2.8,0.0,,,,,65.0,62.0,0.1,,,0.23,0.6,411.0,,,44
580,3,07. LÁCTEOS,"Crema de leche, rala","Milk cream, fluid",100 g,100,199.3,2.7,19.3,3.7,,,,,,96.0,80.0,0.1,,,0.27,0.8,181.0,,,44
581,1,07. LÁCTEOS,"Crema, de leche, espesa","Cream,fluid,heavy whipping",100 g,100,352.36,2.05,37.0,2.79,0.0,23.03,10.69,1.37,137.0,65.0,62.0,0.03,75.0,38.0,0.23,1.0,411.0,4.0,0.18,44
582,1,07. LÁCTEOS,"Leche de vaca, descremada (1% grasa), fluida, con vitamina A y D","Milk, fluid, lowfat 1% fat, with vitamin A and D",100 g,100,42.17,3.37,0.97,4.99,0.0,0.63,0.28,0.04,5.0,119.0,95.0,0.03,150.0,44.0,0.42,0.0,58.0,5.0,0.44,44
583,2,07. LÁCTEOS,"Leche, de cabra, fluida, con vit D","Milk, goat, fluid, with Vit D",100 g,100,69.3,3.56,4.14,4.45,0.0,2.67,1.11,0.15,11.0,134.0,111.0,0.05,204.0,50.0,0.3,1.3,57.0,1.0,0.07,44
584,1,07. LÁCTEOS,"Leche, de vaca, chocolatada, fluida, baja en grasa","Milk, fluid, chocolate flavor, low fat",100 g,100,77.58,2.99,1.9,12.13,0.7,1.18,0.46,0.09,8.0,109.0,76.0,0.24,123.0,66.0,0.39,0.0,64.0,2.0,0.33,44
585,1,07. LÁCTEOS,"Leche, de vaca, en polvo, entera","Milk, whole, powder",100 g,100,499.35,26.32,26.71,38.42,0.0,16.74,7.92,0.67,97.0,912.0,776.0,0.47,1330.0,371.0,3.34,9.0,257.0,37.0,3.25,44
586,2,07. LÁCTEOS,"Leche, de vaca, evaporada, enlatada","Milk, evaporated, canned",100 g,100,135.44,6.81,7.56,10.04,0.0,4.59,2.34,0.25,29.0,261.0,203.0,0.19,303.0,106.0,0.77,1.9,65.0,8.0,0.16,44
587,7,07. LÁCTEOS,"Leche, de vaca, fluida, semidescremada, deslactosada, larga vida UHT, Nestlé","Milk, fluid, semi-skim, lactose- free, long life UHT, Nestlé",100 g,100,46.67,2.92,1.67,5.0,,1.04,0.42,0.0,7.08,,,,,66.67,,,,,,44
588,1,07. LÁCTEOS,"Leche, de vaca, fluida, entera 3.25% grasa","Milk, fluid, whole 3.25% fat",100 g,100,60.21,3.22,3.25,4.52,0.0,1.87,0.81,0.19,10.0,113.0,91.0,0.03,143.0,40.0,0.4,0.0,28.0,5.0,0.44,44
589,7,07. LÁCTEOS,"Leche, de vaca, fluida, entera, ultrapasteurizada, larga vida, UHT, Nutri","Milk, fluid, whole, pasteurized, UHT, Nutri",100 g,100,55.0,3.0,3.0,4.0,0.0,2.0,1.0,0.0,5.0,,,,,95.0,,,,,,44
590,7,07. LÁCTEOS,"Leche, de vaca, fluida, sabor a chocolate, Reyleche","Milk, fluid, chocolate flavor, Reyleche",100 g,100,67.6,2.8,2.0,9.6,0.0,0.8,,,8.0,,,,,50.0,,,,,,44
591,7,07. LÁCTEOS,"Leche, de vaca, fluida, sabor a chocolate, Toni","Milk, fluid, chocolate flavor, Toni",100 g,100,82.5,2.5,2.5,12.5,,1.5,1.0,0.0,10.5,,,,,80.0,,,,,,44
592,1,07. LÁCTEOS,"Leche, de vaca, fluida, semidescremada 2% grasa","Milk, fluid, semi-skim 2% fat, with vit A and D",100 g,100,49.65,3.3,1.97,4.68,0.0,1.26,0.56,0.07,8.0,117.0,94.0,0.03,150.0,41.0,0.43,0.0,55.0,5.0,0.46,44
593,2,07. LÁCTEOS,"Leche, de vaca, fluida, semidescremada 2% grasa, con vit A y D","Milk, fluid, semi-skim 2% fat, with vit A and D",100 g,100,50.22,3.3,1.98,4.8,0.0,1.26,0.56,0.07,8.0,120.0,92.0,0.02,140.0,47.0,0.48,0.2,55.0,5.0,0.53,44
594,7,07. LÁCTEOS,"Leche, de vaca, fluida, semidescremada, larga vida UHT, con vit A y D, Nestlé","Milk, fluid, semi-skim, long life UHT, with vit A and D, Nestle",100 g,100,46.67,2.92,1.67,5.0,,1.04,0.42,0.0,7.08,,,,,66.67,,,,,,44
595,7,07. LÁCTEOS,"Leche, en polvo, azucarada, con hierro, El Rodeo, Nestlé","Milk, powder, sweetened, with iron, El Rodeo, Nestle",100 g,100,450.0,19.23,19.23,50.0,0.0,76.92,,,76.92,,,,,269.23,,,,,,44
596,7,07. LÁCTEOS,"Leche, en polvo, entera, con minerales y Vit A, C y D, La Vaquita","Milk, powder, whole milk, with minerals and Vit A, C and D, La Vaquita",100 g,100,519.35,16.13,29.03,48.39,,16.13,6.45,0.0,83.87,,,,,225.81,,,,,,44
597,7,07. LÁCTEOS,"Leche, en polvo, semidescremada, modificada con probióticos, minerales y DHA, etapa 1, Nido, Nestlé","Milk, powder, modified with probiotics, minerals and DHA, stage 1, Nido, Nestle",100 g,100,464.24,15.21,20.6,54.5,2.8,7.3,6.79,4.6,30.1,,,,570.0,220.0,,,,,,45
598,2,07. LÁCTEOS,"Leche, materna, fluida, madura","Milk, human, fluid, mature",100 g,100,71.1,1.03,4.38,6.89,0.0,2.01,1.66,0.5,14.0,32.0,14.0,0.03,51.0,17.0,0.17,5.0,61.0,5.0,0.05,45
599,1,07. LÁCTEOS,Queso crema promedio,"Cheese, cream, average",100 g,100,354.67,7.55,34.87,2.66,0.0,21.97,9.84,1.26,110.0,80.0,104.0,1.2,119.0,296.0,0.54,0.0,366.0,13.0,0.42,45
600,7,07. LÁCTEOS,"Queso crema, para untar, reducido en grasa, Toni","Cream cheese, to spread, reduced in fat, Toni",100 g,100,260.0,13.33,20.0,6.67,0.0,13.33,6.67,0.0,120.0,,,,,533.33,,,,,,45
601,7,07. LÁCTEOS,"Queso crema, philadelphia, light, Kraft","Cream cheese, philadelphia, light, Kraft",100 g,100,151.9,8.3,11.5,3.8,0.4,7.4,,,,,,,,0.4,,,,,,45
602,2,07. LÁCTEOS,"Queso, azul","Cheese, blue",100 g,100,353.62,21.4,28.74,2.34,0.0,18.67,7.78,0.8,75.0,528.0,387.0,0.31,256.0,1146.0,2.66,0.0,198.0,36.0,1.22,45
603,2,07. LÁCTEOS,"Queso, brie","Cheese, brie",100 g,100,333.92,20.75,27.68,0.45,0.0,17.41,8.01,0.83,100.0,184.0,188.0,0.5,152.0,629.0,2.38,0.0,174.0,65.0,1.65,45
604,1,07. LÁCTEOS,"Queso, camembert","Cheese, camembert",100 g,100,299.38,19.8,24.26,0.46,0.0,15.26,7.02,0.72,72.0,388.0,347.0,0.33,187.0,842.0,2.38,0.0,241.0,62.0,1.3,45
605,1,07. LÁCTEOS,"Queso, cheddar","Cheese, cheddar",100 g,100,402.98,24.9,33.14,1.28,0.0,21.09,9.39,0.94,105.0,721.0,512.0,0.68,98.0,621.0,3.11,0.0,265.0,18.0,0.83,45
606,1,07. LÁCTEOS,"Queso, cottage, con crema","Cheese, cottage, with cream",100 g,100,101.27,12.49,4.51,2.68,0.0,2.85,1.28,0.14,15.0,60.0,132.0,0.14,84.0,405.0,0.37,0.0,44.0,12.0,0.62,45
607,1,07. LÁCTEOS,"Queso, cottage, semidescremado 2% grasa","Cheese, cottage, semi-greasy, 2% fat",100 g,100,86.85,13.74,1.93,3.63,0.0,1.22,0.55,0.06,8.0,69.0,151.0,0.16,96.0,406.0,0.42,0.0,21.0,13.0,0.71,45
608,7,07. LÁCTEOS,"Queso, de cabra, Castillo de Holanda","Cheese, goat, Castillo de Holanda",100 g,100,391.6,21.4,34.0,0.0,,23.0,,,,,,,,1.6,,,,,,45
609,1,07. LÁCTEOS,"Queso, fresco, leche entera","Cheese, fresh, whole milk",100 g,100,264.1,17.5,20.1,3.3,,,,,,783.0,375.0,1.3,,,,0.0,420.0,,,45
610,1,07. LÁCTEOS,"Queso, fresco, leche semidescremada","Cheese, fresh, semi-skimmed milk",100 g,100,168.04,24.35,7.0,1.91,0.0,4.34,2.08,0.22,21.0,414.0,484.0,0.42,66.0,612.0,1.82,0.0,60.0,11.0,0.49,45
611,2,07. LÁCTEOS,"Queso, fresco, light","Cheese, fresh, low-fat",100 g,100,175.4,24.6,7.0,3.5,0.0,4.41,2.01,0.22,35.0,684.0,827.0,0.43,180.0,1789.0,3.32,0.0,57.0,9.0,0.77,45
612,7,07. LÁCTEOS,"Queso, fresco, semi-mature, Fedac","Cheese, fresh, semi maduro, Fedac",100 g,100,336.67,16.67,30.0,0.0,,20.0,10.0,0.0,96.67,,,,,1166.67,,,,,,45
613,1,07. LÁCTEOS,"Queso, gouda","Cheese, gouda",100 g,100,355.6,24.94,27.44,2.22,0.0,17.61,7.75,0.66,114.0,700.0,546.0,0.24,121.0,819.0,3.9,0.0,165.0,21.0,1.54,45
614,7,07. LÁCTEOS,"Queso, gouda, Castillo de Holanda","Cheese, gouda, Castillo de Holanda",100 g,100,346.0,23.5,28.0,0.0,,19.0,,,,,,,,1.9,,,,,,45
615,2,07. LÁCTEOS,"Queso, holandés","Cheese, edam",100 g,100,362.81,24.99,28.57,1.43,0.0,18.67,8.13,0.67,89.0,731.0,536.0,0.44,188.0,973.0,3.75,0.0,243.0,16.0,1.54,45
616,7,07. LÁCTEOS,"Queso, holandés, gouda, Alpina","Cheese, dutch, gouda, Alpina",100 g,100,376.67,26.67,30.0,0.0,0.0,16.67,,,83.33,,,,,416.67,,,,,,45
617,7,07. LÁCTEOS,"Queso, laminado, mantecoso, chanco, San Rafael","Cheese, laminated, buttery, chanco, San Rafael",100 g,100,360.0,26.0,28.0,1.0,,18.2,8.0,1.8,114.0,,,,,800.0,,,,,,45
618,7,07. LÁCTEOS,"Queso, maduro, gouda, Castillo de Holanda","Cheese, gouda, ripe, Castillo de Holanda",100 g,100,362.0,23.0,30.0,0.0,,21.0,,,,,,,,1.8,,,,,,45
619,2,07. LÁCTEOS,"Queso, manchego","Cheese, manchego",100 g,100,435.67,25.0,35.71,3.57,0.0,28.57,,,71.0,857.0,,0.0,,643.0,,0.0,536.0,,,45
620,2,07. LÁCTEOS,"Queso, mozarella, bajo en grasa","Cheese, mozzarella, part skim milk",100 g,100,251.4,24.26,15.92,2.77,0.0,10.11,4.51,0.47,64.0,782.0,463.0,0.22,84.0,619.0,2.76,0.0,127.0,9.0,0.82,46
621,1,07. LÁCTEOS,"Queso, mozarella, leche descremada, bajo en grasa","Cheese, mozzarella, skim milk, low-fat",100 g,100,251.4,24.26,15.92,2.77,0.0,10.11,4.51,0.47,64.0,782.0,463.0,0.22,84.0,619.0,2.76,0.0,127.0,9.0,0.82,46
622,1,07. LÁCTEOS,"Queso, mozarella, leche entera","Cheese, mozzarella, whole milk",100 g,100,298.59,22.17,22.35,2.19,0.0,13.15,6.57,0.76,79.0,505.0,354.0,0.44,76.0,627.0,2.92,0.0,179.0,7.0,2.28,46
623,1,07. LÁCTEOS,"Queso, parmesano, duro","Cheese, parmesan, hard",100 g,100,388.35,35.75,25.83,3.22,0.0,16.41,7.51,0.57,68.0,1184.0,694.0,0.82,92.0,1602.0,2.75,0.0,108.0,7.0,1.2,46
624,1,07. LÁCTEOS,"Queso, ricotta, leche descremada, bajo en grasa","Cheese, ricotta, skim milk, low-fat",100 g,100,137.31,11.39,7.91,5.14,0.0,4.93,2.31,0.26,31.0,272.0,183.0,0.44,125.0,125.0,1.34,0.0,107.0,13.0,0.29,46
625,1,07. LÁCTEOS,"Queso, ricotta, leche entera","Cheese, ricotta, whole milk",100 g,100,174.02,11.26,12.98,3.04,0.0,8.3,3.63,0.38,51.0,207.0,158.0,0.38,105.0,84.0,1.16,0.0,120.0,12.0,0.34,46
626,2,07. LÁCTEOS,"Queso, roquefort","Cheese, roquefort",100 g,100,369.92,21.54,30.64,2.0,0.0,19.26,8.47,1.32,90.0,662.0,392.0,0.56,91.0,1809.0,2.08,0.0,294.0,49.0,0.64,46
627,1,07. LÁCTEOS,"Queso, suizo","Cheese, swiss",100 g,100,332.41,24.73,25.01,2.1,0.0,16.05,7.05,0.62,85.0,772.0,762.0,0.61,216.0,1370.0,3.61,0.0,198.0,6.0,1.23,46
628,1,07. LÁCTEOS,"Queso, tipo cuajada, fresco, tierno","Cheese, fresh, immature",100 g,100,235.0,18.7,15.4,5.4,,,,,,718.0,385.0,1.5,,,,0.0,153.0,,,46
629,1,07. LÁCTEOS,"Queso, tipo requesón, promedio","Cheese, curd type, average",100 g,100,116.2,12.3,3.0,10.0,,4.3,1.8,0.2,25.0,92.0,,0.5,54.0,450.0,0.5,0.0,,,0.5,46
630,7,07. LÁCTEOS,"Yogurt con cereal, sabor frutilla, hojuelas de maíz, Toni","Yogurt, with cereal, strawberry flavor, corn flakes, Toni",100 g,100,140.44,3.15,3.68,23.68,0.0,2.63,1.05,0.0,11.05,,,,,100.0,,,,,,46
631,7,07. LÁCTEOS,"Yogurt, con mermelada, yougourmet, Toni","Yogurt, with mermelade, yogourmet, Toni",100 g,100,133.33,4.0,2.67,23.33,,2.67,0.67,0.67,18.67,,,,,66.67,,,,,,46
632,2,07. LÁCTEOS,"Yogurt, de fruta, bajo en grasa","Yogurt, fruit, low-fat",100 g,100,103.4,4.37,1.08,19.05,0.0,0.7,0.3,0.03,4.0,152.0,119.0,0.07,195.0,58.0,0.74,0.7,10.0,9.0,0.47,46
633,1,07. LÁCTEOS,"Yogurt, leche descremada, sabor de fruta","Yogurt, skim milk, fruit flavor",100 g,100,100.83,3.98,1.15,18.64,0.0,0.74,0.32,0.03,5.0,138.0,109.0,0.06,177.0,53.0,0.67,1.0,11.0,9.0,0.43,46
634,7,07. LÁCTEOS,"Yogurt, leche entera, sabor a mora, Toni","Yogurt, whole milk, blackberry flavor, Toni",100 g,100,112.0,3.5,4.0,15.5,0.0,2.5,1.0,0.5,9.0,,,,,75.0,,,,,,46
635,2,07. LÁCTEOS,"Yogurt, leche semi-descremada","Yogurt, semi-skimmed milk",100 g,100,63.72,3.33,2.08,7.92,0.0,1.42,,,8.0,125.0,,0.0,,40.0,,0.0,37.5,,,46
636,1,07. LÁCTEOS,"Yogurt, natural, leche descremada, bajo en grasa","Yogurt, plain, skim milk, low-fat",100 g,100,55.26,5.73,0.18,7.68,0.0,0.12,0.05,0.0,2.0,199.0,157.0,0.09,255.0,77.0,0.97,1.0,2.0,12.0,0.61,46
637,1,07. LÁCTEOS,"Yogurt, natural, leche entera","Yogurt, plain, whole milk",100 g,100,61.77,3.47,3.25,4.66,0.0,2.1,0.89,0.09,13.0,121.0,95.0,0.05,155.0,46.0,0.59,1.0,27.0,7.0,0.37,46
638,7,07. LÁCTEOS,"Yogurt, semi-descremado, Dulac’s","Yogurt, semi-skimmed, Dulac’s",100 g,100,64.0,3.33,2.67,6.67,0.0,0.67,0.67,0.67,8.67,,,,,53.33,,,,,,46
639,7,07. LÁCTEOS,"Yogurt, tipo griego, Toni","Yogurt, greek type, Toni",100 g,100,65.0,8.0,1.0,6.0,0.0,0.67,0.33,0.0,6.0,,,,,46.67,,,,,,46
640,7,07. LÁCTEOS,"Yougurt, semi-descremado, con trozos de mora, Regeneris","Yogurt, semi-skimmed, with pieces of blackberry, Regeneris",100 g,100,83.33,2.5,1.67,14.58,,0.83,0.42,0.0,7.08,,,,,56.25,,,,,,46
641,2,08. GRASAS Y FRUTOS SECOS,"Aceite, de aguacate","Oil, avocado",100 g,100,900.0,0.0,100.0,0.0,0.0,11.56,70.55,13.49,,0.0,0.0,0.0,0.0,0.0,0.0,0.0,0.0,0.0,0.0,48
642,1,08. GRASAS Y FRUTOS SECOS,"Aceite, de ajonjolí","Oil, sesame",100 g,100,900.0,0.0,100.0,0.0,0.0,14.2,39.7,41.7,0.0,0.0,0.0,0.0,0.0,0.0,0.0,0.0,0.0,0.0,0.0,48
643,2,08. GRASAS Y FRUTOS SECOS,"Aceite, de almendra","Oil, almond",100 g,100,900.0,0.0,100.0,0.0,0.0,8.2,69.9,17.4,0.0,0.0,0.0,0.0,0.0,0.0,0.0,0.0,0.0,0.0,0.0,48
644,2,08. GRASAS Y FRUTOS SECOS,"Aceite, de canola","Oil, canola",100 g,100,900.0,0.0,100.0,0.0,0.0,7.37,63.28,28.14,0.0,0.0,0.0,0.0,0.0,0.0,0.0,0.0,0.0,0.0,0.0,48
645,1,08. GRASAS Y FRUTOS SECOS,"Aceite, de coco","Oil, coconut",100 g,100,900.0,0.0,100.0,0.0,0.0,86.5,5.8,1.8,0.0,0.0,0.0,0.04,0.0,0.0,0.0,0.0,0.0,0.0,0.0,48
646,1,08. GRASAS Y FRUTOS SECOS,"Aceite, de girasol","Oil, sunflower",100 g,100,900.0,0.0,100.0,0.0,0.0,10.1,45.4,40.1,0.0,0.0,0.0,0.03,0.0,0.0,0.0,0.0,0.0,0.0,0.0,48
647,1,08. GRASAS Y FRUTOS SECOS,"Aceite, de maíz","Oil, corn",100 g,100,900.0,0.0,100.0,0.0,0.0,12.95,27.58,54.68,0.0,0.0,0.0,0.0,0.0,0.0,0.0,0.0,0.0,0.0,0.0,48
648,2,08. GRASAS Y FRUTOS SECOS,"Aceite, de nuez","Oil, walnut",100 g,100,900.0,0.0,100.0,0.0,0.0,9.1,22.8,63.3,0.0,0.0,0.0,0.0,0.0,0.0,0.0,0.0,0.0,0.0,0.0,48
649,1,08. GRASAS Y FRUTOS SECOS,"Aceite, de oliva","Oil, olive",100 g,100,900.0,0.0,100.0,0.0,0.0,13.81,72.96,10.52,0.0,1.0,0.0,0.56,1.0,2.0,0.0,0.0,0.0,0.0,0.0,48
650,1,08. GRASAS Y FRUTOS SECOS,"Aceite, de palma","Oil, palm",100 g,100,900.0,0.0,100.0,0.0,0.0,49.3,37.0,9.3,0.0,0.0,0.0,0.01,0.0,0.0,0.0,0.0,0.0,0.0,0.0,48
651,1,08. GRASAS Y FRUTOS SECOS,"Aceite, de soya","Oil, soya bean",100 g,100,900.0,0.0,100.0,0.0,0.0,14.4,23.3,57.9,0.0,0.0,0.0,0.02,0.0,0.0,0.01,0.0,0.0,0.0,0.0,48
652,7,08. GRASAS Y FRUTOS SECOS,"Aceitunas, negras, envasada, Mallorca","Olives, black, ripe, canned, Mallorca",100 g,100,147.0,1.0,15.0,2.0,2.0,2.0,10.0,2.0,0.0,,,,,620.0,,,,,,48
653,2,08. GRASAS Y FRUTOS SECOS,"Aceitunas, verdes, envasada, promedio","Olives, green, ripe, canned, average",100 g,100,124.52,0.84,10.68,6.26,3.2,1.41,7.89,0.91,0.0,88.0,3.0,3.3,8.0,872.0,0.22,1.0,20.0,0.0,0.0,48
654,1,08. GRASAS Y FRUTOS SECOS,"Almendra, seca","Almonds, dry",100 g,100,623.1,21.94,50.62,19.94,10.4,3.89,32.29,12.05,0.0,216.0,480.0,3.72,687.0,28.0,3.12,0.0,0.0,30.0,0.0,48
655,2,08. GRASAS Y FRUTOS SECOS,"Avellana, sin cáscara","Nuts, hazelnuts, filberts, peeled",100 g,100,673.35,14.95,60.75,16.7,9.7,4.46,45.65,7.92,0.0,114.0,290.0,4.7,680.0,0.0,2.45,6.3,1.0,113.0,0.0,48
656,2,08. GRASAS Y FRUTOS SECOS,"Castaña, china, sin cáscara, cruda","Chestnuts, chinese, peeled, raw",100 g,100,223.07,4.2,1.11,49.07,,0.16,0.58,0.29,0.0,18.0,96.0,1.41,447.0,3.0,0.87,36.0,10.0,68.0,0.0,48
657,2,08. GRASAS Y FRUTOS SECOS,"Castaña, europea seca pelada","Chestnuts, european, dried, peeled",100 g,100,368.95,5.01,3.91,78.43,,0.74,1.35,1.55,0.0,64.0,137.0,2.39,991.0,37.0,0.35,15.1,0.0,110.0,0.0,48
658,7,08. GRASAS Y FRUTOS SECOS,"Chocolate, para untar, Nucita","Chocolate, to spread, Nucita",100 g,100,566.67,3.33,33.33,63.33,3.33,13.33,13.33,5.0,0.0,,,,,50.0,,,,,,48
659,7,08. GRASAS Y FRUTOS SECOS,"Crema, de almendras y cacao, Choco-almond","Cream, almond cream with cocoa, Choco-almond",100 g,100,250.0,0.0,10.0,40.0,,0.0,,,0.0,,,,,0.0,,,,,,48
660,7,08. GRASAS Y FRUTOS SECOS,"Crema, de avellana, con cacao y leche, Delilu","Cream, Hazelnut, with cocoa and milk, Delilu",100 g,100,544.0,4.0,32.0,60.0,0.0,12.0,16.0,4.0,20.0,,,,,60.0,,,,,,48
661,7,08. GRASAS Y FRUTOS SECOS,"Crema, de avellana, leche y chocolate, Nusco","Cream, hazelnut, milk and chocolate, Nusco",100 g,100,563.0,3.0,35.0,59.0,2.2,5.7,,,,,,,,20.0,,,,,,48
662,7,08. GRASAS Y FRUTOS SECOS,"Crema, de avellanas, con cacao, Nutella","Cream, hazelnut with cocoa, Nutella",100 g,100,544.0,8.0,32.0,56.0,,10.0,16.0,4.0,0.0,,,,,40.0,,,,,,48
663,7,08. GRASAS Y FRUTOS SECOS,"Crema, de avellanas, con cacao, Supermaxi","Cream, hazelnut with cocoa, Supermaxi",100 g,100,555.2,4.1,36.0,53.7,3.0,7.4,21.7,7.2,0.0,,,,,60.0,,,,,,48
664,7,08. GRASAS Y FRUTOS SECOS,"Crema, de cacao y avellana, sin azucar añadida, Natures Heart","Cream, cocoa and hazelnut, non added sugar, Natures Heart",100 g,100,540.0,6.67,33.33,53.33,3.33,6.67,23.33,3.33,0.0,,,,,66.67,,,,,,48
665,7,08. GRASAS Y FRUTOS SECOS,"Crema, de chocolate, negro, Nusco","Cream, dark chocolate, Nusco",100 g,100,546.67,6.67,40.0,40.0,,6.67,,,13.33,,,,,100.0,,,,,,49
666,2,08. GRASAS Y FRUTOS SECOS,"Macadamia, sin cáscara, cruda","Macadamia nuts, peeled, raw",100 g,100,768.85,7.91,75.77,13.82,8.6,12.06,58.88,1.5,0.0,85.0,188.0,3.69,368.0,5.0,1.3,1.2,0.0,11.0,0.0,49
667,2,08. GRASAS Y FRUTOS SECOS,"Maní, horneado, con sal, promedio","Peanuts, baked, with salt, average",100 g,100,337.13,13.5,22.01,21.26,8.8,3.06,10.92,6.96,0.0,55.0,198.0,1.01,180.0,751.0,1.83,0.0,0.0,75.0,0.0,49
668,2,08. GRASAS Y FRUTOS SECOS,"Maní, regular, crudo","Peanuts, ordinary, raw",100 g,100,610.88,25.8,49.24,16.13,8.5,6.18,24.43,15.56,0.0,92.0,376.0,4.58,70.5,18.0,3.27,0.0,0.0,240.0,0.0,49
669,1,08. GRASAS Y FRUTOS SECOS,"Maní, tostado, con aceite y sal","Peanuts, toasted, oil-roasted, with salt",100 g,100,645.66,28.03,52.5,15.26,9.4,8.67,25.94,15.27,0.0,61.0,397.0,1.52,726.0,320.0,3.28,1.0,0.0,120.0,0.0,49
670,1,08. GRASAS Y FRUTOS SECOS,"Maní, tostado, con sal","Peanuts, toasted, with salt",100 g,100,627.7,23.68,49.66,21.51,8.0,6.89,24.64,15.69,0.0,54.0,358.0,2.26,658.0,813.0,3.31,0.0,0.0,145.0,0.0,49
671,1,08. GRASAS Y FRUTOS SECOS,Manteca de cerdo,Lard,100 g,100,894.6,0.0,99.4,0.0,0.0,39.2,45.1,11.2,95.0,0.0,0.0,0.0,0.0,0.0,0.11,0.0,0.0,0.0,0.0,49
672,2,08. GRASAS Y FRUTOS SECOS,"Mantequilla, baja en grasa, con sal","Butter, low-fat, with salt",100 g,100,509.1,3.3,55.1,0.0,0.0,34.32,15.93,2.05,106.0,48.0,34.0,1.09,71.0,450.0,0.26,0.0,465.0,1.0,0.13,49
673,2,08. GRASAS Y FRUTOS SECOS,"Mantequilla, con sal","Butter, with salt",100 g,100,733.63,0.85,81.11,0.06,0.0,51.37,21.02,3.04,215.0,24.0,24.0,0.02,24.0,576.0,0.09,0.0,684.0,3.0,0.17,49
674,7,08. GRASAS Y FRUTOS SECOS,"Mantequilla, de almendras, natural, Del Sur","Almond butter, natural, Del Sur",100 g,100,610.0,20.0,50.0,20.0,15.0,5.0,30.0,12.5,0.0,,,,,0.0,,,,,,49
675,7,08. GRASAS Y FRUTOS SECOS,"Mantequilla, de maní y miel, para untar, Peter-Pan","Peanut butter, peanut & honey, to spread, Peter-Pan",100 g,100,623.53,20.59,47.06,29.41,5.88,8.82,,,0.0,0.0,,1.18,470.59,323.53,,,,,,49
676,2,08. GRASAS Y FRUTOS SECOS,"Mantequilla, de maní, baja en grasa","Peanut butter, reduced fat",100 g,100,552.2,25.9,34.0,35.65,5.2,5.76,16.16,9.18,0.0,35.0,369.0,1.9,669.0,540.0,2.08,0.0,0.0,60.0,0.0,49
677,7,08. GRASAS Y FRUTOS SECOS,"Mantequilla, de maní, cashew, Natures Heart","Cashew butter, Natures Heart",100 g,100,666.67,20.0,53.33,26.67,0.0,10.0,33.33,10.0,0.0,,,,,33.33,,,,,,49
678,2,08. GRASAS Y FRUTOS SECOS,"Mantequilla, de maní, con sal","Peanut butter, with salt",100 g,100,637.3,22.05,51.1,22.3,4.8,10.1,25.4,12.3,,49.0,339.0,1.73,564.0,429.0,2.54,,,86.0,,49
679,7,08. GRASAS Y FRUTOS SECOS,"Mantequilla, de maní, Jif","Penaut butter, Jif",100 g,100,637.5,21.88,50.0,25.0,6.25,7.81,,,,,,,,421.88,,,,,,49
680,7,08. GRASAS Y FRUTOS SECOS,"Mantequilla, de maní, kokawa","Penaut butter, Kokawa",100 g,100,640.0,26.67,53.33,13.33,0.0,13.33,20.0,20.0,0.0,,,,,166.67,,,,,,49
681,7,08. GRASAS Y FRUTOS SECOS,"Mantequilla, de maní, Schullo","Penaut butter, Schullo",100 g,100,650.0,28.57,50.0,21.43,7.14,7.14,35.71,7.14,0.0,,,,,214.29,,,,,,49
682,1,08. GRASAS Y FRUTOS SECOS,"Mantequilla, sin sal","Butter, without salt",100 g,100,733.63,0.85,81.11,0.06,0.0,51.37,21.02,3.04,215.0,24.0,24.0,0.02,24.0,11.0,0.09,0.0,684.0,3.0,0.17,49
683,1,08. GRASAS Y FRUTOS SECOS,"Margarina, 20% grasa, con sal","Margarine, spread, with salt",100 g,100,177.1,0.0,19.5,0.4,0.0,2.87,7.48,8.04,0.0,0.0,14.0,0.0,25.0,733.0,0.0,0.0,819.0,0.0,0.0,49
684,7,08. GRASAS Y FRUTOS SECOS,"Margarina, reducida en grasa, Miraflores","Margarine, reduced fat, Miraflores",100 g,100,578.57,0.0,64.29,0.0,0.0,42.86,14.29,7.14,0.0,,,,,1142.86,,,,,,49
685,1,08. GRASAS Y FRUTOS SECOS,"Margarina, regular, 80% grasa, con sal","Margarine, regular, 80% fat, with salt",100 g,100,731.7,0.9,80.5,0.9,0.0,15.8,35.8,25.4,0.0,30.0,23.0,0.06,42.0,943.0,0.0,0.0,819.0,1.0,0.1,49
686,1,08. GRASAS Y FRUTOS SECOS,"Mayonesa, regular, con sal","Mayonnaise, regular, with salt",100 g,100,399.8,0.9,33.4,23.9,0.0,4.9,9.0,18.0,26.0,14.0,26.0,0.2,9.0,711.0,0.18,0.0,21.0,6.0,0.21,49
687,1,08. GRASAS Y FRUTOS SECOS,"Nuez, de nogal, seca","Walnuts, english, dry",100 g,100,702.65,15.23,65.21,13.71,6.7,6.13,8.93,47.17,0.0,98.0,346.0,2.91,441.0,2.0,3.09,1.0,1.0,98.0,0.0,49
688,2,08. GRASAS Y FRUTOS SECOS,"Pistacho, tostado, sin sal","Pistachio nuts, toasted, without salt",100 g,100,609.7,21.05,45.82,28.28,10.3,5.65,24.53,13.35,0.0,107.0,469.0,4.03,1007.0,6.0,2.34,3.0,13.0,51.0,0.0,49
689,2,08. GRASAS Y FRUTOS SECOS,"Semilla, de chía, seca","Chia seeds, dry",100 g,100,511.3,16.54,30.74,42.12,34.4,3.33,2.31,23.66,0.0,631.0,860.0,7.72,407.0,16.0,4.58,1.6,16.2,49.0,0.0,50
690,2,08. GRASAS Y FRUTOS SECOS,"Semilla, de linaza, seca","Flaxseed, dry",100 g,100,568.12,18.29,42.16,28.88,27.3,3.66,7.53,28.73,0.0,255.0,642.0,5.73,813.0,30.0,4.34,0.6,0.0,87.0,0.0,50
691,1,08. GRASAS Y FRUTOS SECOS,"Semillas, de ajonjolí, enteras, secas","Sesame seeds, whole, dried",100 g,100,611.75,17.73,49.67,23.45,11.8,6.96,18.76,21.77,0.0,975.0,629.0,14.55,468.0,11.0,7.75,0.0,0.0,97.0,0.0,50
692,7,08. GRASAS Y FRUTOS SECOS,"Semillas, de chía, blanca, Kunachia","Chia seeds, white, Kunachia",100 g,100,540.0,20.0,33.33,40.0,26.67,3.33,,26.67,0.0,500.0,,6.67,500.0,0.0,,,,,,50
693,2,08. GRASAS Y FRUTOS SECOS,"Semillas, de girasol, con sal, secas","Sunflower seeds, plain, salted",100 g,100,614.41,19.1,49.21,23.78,10.7,5.15,9.39,32.5,0.0,70.0,1141.0,3.76,840.0,462.0,5.23,1.4,0.0,234.0,0.0,50
694,2,08. GRASAS Y FRUTOS SECOS,"Semillas, de girasol, sin sal, secas","Sunflower seeds, unsalted, dried",100 g,100,621.68,19.3,49.8,24.07,11.1,5.21,9.5,32.8,,70.0,1155.0,3.8,850.0,3.0,5.29,1.4,0.0,237.0,0.0,50
695,2,08. GRASAS Y FRUTOS SECOS,"Semillas, de hinojo",Fennel seed,100 g,100,406.19,15.8,14.87,52.29,39.8,0.48,9.91,1.68,0.0,1196.0,487.0,18.54,1694.0,88.0,3.7,21.0,7.0,,0.0,50
696,7,08. GRASAS Y FRUTOS SECOS,"Semillas, de hinojo pelada, Camari","Sunflower seed, toasted, with salt, Camari",100 g,100,415.3,16.0,14.5,55.2,21.1,,,,0.0,,,,,20.0,,,,,,50
697,1,08. GRASAS Y FRUTOS SECOS,"Semillas, de pistacho, tostada con sal","Pistachio nuts, toasted, with salt",100 g,100,606.25,21.35,45.97,26.78,10.3,5.55,24.22,13.9,0.0,110.0,485.0,4.2,1042.0,405.0,2.3,2.0,13.0,50.0,0.0,50
698,7,08. GRASAS Y FRUTOS SECOS,"Semillas, de sambo, enteras, Camari","Sambo seed, Camari",100 g,100,562.0,24.5,46.0,12.5,5.3,,,,0.0,,1170.0,15.0,,18.0,,,,,,50
699,2,08. GRASAS Y FRUTOS SECOS,"Semillas, de zapallo, enteras, tostadas, con sal","Pumpkin seeds, whole, roasted, with salt",100 g,100,463.8,18.55,19.4,53.75,18.4,3.67,6.03,8.84,0.0,55.0,92.0,3.31,919.0,18.0,10.3,0.3,3.0,9.0,0.0,50
700,7,09. AZÚCARES,"Arrope de mora, Grand Mother","Syrup, blackberry, Grand Mother",100 g,100,293.33,0.0,0.0,73.33,0.0,0.0,,,0.0,,,,,0.0,,,,,,52
701,7,09. AZÚCARES,"Azúcar, blanca, con stevia, Valdez","White sugar, with stevia, Valdez",100 g,100,320.0,0.0,0.0,80.0,0.0,0.0,,,0.0,,,,,0.0,,,,,,52
702,1,09. AZÚCARES,"Azúcar, blanca, granulada","White sugar, grainy",100 g,100,396.4,0.0,0.0,99.1,,0.0,0.0,0.0,0.0,5.0,1.0,0.1,,0.0,,,0.0,,,52
703,7,09. AZÚCARES,"Azúcar, con stevia, con omega 3, Sugar Lite","Sugar, with stevia, with omega 3, Sugar Lite",100 g,100,960.0,0.0,0.0,240.0,0.0,0.0,,,0.0,,,,,0.0,,,,,,52
704,7,09. AZÚCARES,"Azúcar, de coco, orgánico, Valdez","Coconut sugar, organic, Valdez",100 g,100,400.0,0.0,0.0,100.0,0.0,0.0,,,0.0,,,,,0.0,,,,,,52
705,1,09. AZÚCARES,"Azúcar, morena, granulada","Brown sugar, grainy",100 g,100,389.32,0.0,0.0,97.33,0.0,0.0,0.0,0.0,0.0,85.0,22.0,1.91,346.0,39.0,0.18,0.0,0.0,1.0,0.0,52
706,7,09. AZÚCARES,"Azúcar, morena, granulada, San Carlos","Brown sugar, granulated, San Carlos",100 g,100,400.0,0.0,0.0,100.0,,,,,0.0,,,,,20.0,,,,,,52
707,7,09. AZÚCARES,"Azúcar, morena, La Troncal","Brown sugar, La Troncal",100 g,100,400.0,0.0,0.0,100.0,0.0,0.0,,,0.0,,,,,0.0,,,,,,52
708,7,09. AZÚCARES,"Azúcar, morena, sin sulfitar, Schullo","Brown sugar, unsulphited, Schullo",100 g,100,400.0,0.0,0.0,100.0,0.0,0.0,,,0.0,,,,,0.0,,,,,,52
709,7,09. AZÚCARES,"Azúcar, morena, Supermaxi","Brown sugar, Supermaxi",100 g,100,400.0,0.0,0.0,100.0,,0.0,,,0.0,,,,,0.0,,,,,,52
710,2,09. AZÚCARES,Caña de azúcar,Sugarcane,100 g,100,400.0,0.0,0.0,100.0,,,,,,,,,,0.0,,,,,,52
711,1,09. AZÚCARES,"Caña de azúcar, jugo","Sugarcane, juice",100 g,100,84.1,0.3,0.1,20.5,,,,,,13.0,12.0,0.7,,,,2.0,,,,52
712,1,09. AZÚCARES,"Caramelo, confites duros, promedio","Candy, hard, average",100 g,100,393.8,0.0,0.2,98.0,0.0,0.0,0.0,0.0,0.0,3.0,3.0,0.3,5.0,38.0,0.01,0.0,0.0,0.0,0.0,52
713,1,09. AZÚCARES,"Caramelo, confites suaves, promedio","Candy, soft, average",100 g,100,395.6,0.0,0.0,98.9,0.1,0.0,0.0,0.0,0.0,3.0,1.0,0.4,5.0,44.0,0.0,0.0,0.0,0.0,0.0,52
714,7,09. AZÚCARES,"Caramelo, sabor a chocolate, Bianchi","Candy, chocolate flavor, Bianchi",100 g,100,406.25,0.0,6.25,87.5,0.0,6.25,,,0.0,,,,,312.5,,,,,,52
715,7,09. AZÚCARES,"Chocolate en polvo, Chocolisto","Powder chocolate, Chocolisto",100 g,100,405.0,5.0,5.0,85.0,0.0,0.0,,,0.0,15.0,,25.0,,25.0,,0.0,25.0,,,52
716,7,09. AZÚCARES,"Chocolate en polvo, Cocoa","Powder chocolate, Cocoa",100 g,100,360.0,0.0,0.0,90.0,0.0,0.0,0.0,,0.0,,,,,10.0,,,,,,52
717,7,09. AZÚCARES,"Chocolate en polvo, Milo","Powder chocolate, Milo",100 g,100,388.0,8.0,4.0,80.0,4.0,2.0,0.0,0.0,0.0,10.0,10.0,60.0,,300.0,,100.0,0.0,,,52
718,1,09. AZÚCARES,"Dulce de guayaba, promedio","Guava sweet, average",100 g,100,369.4,0.4,1.0,89.7,,,,,,18.0,23.0,2.3,,,,7.0,,,,52
719,1,09. AZÚCARES,"Dulce de leche, majar, promedio","Milk delicacy, average",100 g,100,405.2,0.1,2.8,94.9,,,,,,14.0,10.0,2.1,,,,4.0,,,,52
720,7,09. AZÚCARES,"Dulce de leche, manjar, Alpen Swiss","Milk delicacy, Alpen Swiss",100 g,100,370.0,6.67,10.0,63.33,0.0,5.33,,,33.33,,,,,150.0,,,,,,52
721,7,09. AZÚCARES,"Dulce de leche, manjar, arequipe, Alpina","Milk delicacy, arequipe, Alpina",100 g,100,340.0,6.67,6.67,63.33,,5.0,,,23.33,,,,,133.33,,,,,,52
722,7,09. AZÚCARES,"Dulce de leche, manjar, Cachafaz","Milk delicacy, Cachafaz",100 g,100,305.0,10.0,5.0,55.0,,5.0,,,20.0,,,,,120.0,,,,,,52
723,7,09. AZÚCARES,"Dulce de leche, manjar, con coco, Pucuhuaico","Milk delicacy with coconut, Pucuhuaico",100 g,100,370.0,10.0,10.0,60.0,,5.0,,,30.0,,,,,100.0,,,,,,52
724,7,09. AZÚCARES,"Dulce de leche, manjar, Agricola Pucuhaico","Milk delicacy, Agricola Pucuhaico",100 g,100,370.0,10.0,10.0,60.0,,5.0,,,30.0,,,,,100.0,,,,,,53
725,7,09. AZÚCARES,"Dulce de leche, manjar, Toni","Milk delicacy, Toni",100 g,100,353.33,6.67,6.67,66.67,0.0,0.0,0.0,0.0,26.67,,,,,166.67,,,,,,53
726,7,09. AZÚCARES,"Edulzante, en polvo, con extracto de fruta del monje, Monk Fruit","Sweetner, powder, mon fruit extract, Monk Fruit",100 g,100,0.0,0.0,0.0,0.0,,0.0,,,0.0,,,,,0.0,,,,,,53
727,7,09. AZÚCARES,"Edulzante, splenda, original","Sweetner, splenda, original",100 g,100,0.0,0.0,0.0,0.0,0.0,0.0,,,0.0,,,,,0.0,,,,,,53
728,7,09. AZÚCARES,"Edulzante, stevia, Stevia Life","Sweetner, stevia, Stevia Life",100 g,100,0.0,0.0,0.0,0.0,0.0,0.0,,,0.0,,,,,0.0,,,,,,53
729,7,09. AZÚCARES,"Endulzante, de panela, y edulcorante Natural, Valdez","Sweetener, of panela and natural sweetener, Valdez",100 g,100,320.0,0.0,0.0,80.0,0.0,0.0,,,0.0,,,,,0.0,,,,,,53
730,7,09. AZÚCARES,"Endulzante, de stevia balanceada con sucralosa, Dulcevia","Sweetener, stevia, balanced with sucralose, Dulcevia",100 g,100,0.0,0.0,0.0,0.0,,0.0,,,0.0,,,,,0.0,,,,,,53
731,7,09. AZÚCARES,"Endulzante, stevia con azúcar, Valdez","Stevia, with sugar, Valdez",100 g,100,320.0,,0.0,80.0,0.0,0.0,,,0.0,,,,,0.0,,,,,,53
732,7,09. AZÚCARES,"Endulzante, stevia, en gotas","Sweetner, stevia, drops",100 g,100,0.0,0.0,0.0,0.0,,0.0,,,0.0,,,,,0.0,,,,,,53
733,7,09. AZÚCARES,"Endulzante, stevia, natural, Sanna","Sweetner, stevia, natural, Sanna",100 g,100,0.0,0.0,0.0,0.0,0.0,0.0,,,0.0,,,,,0.0,,,,,,53
734,7,09. AZÚCARES,"Endulzante, sucralosa, sin calorías, en gotas, Edulmax","Sweetner, sucralose, no calories, drops, Edulmax",100 g,100,0.0,0.0,0.0,0.0,,0.0,,,0.0,,,,,0.0,,,,,,53
735,7,09. AZÚCARES,"Endulzante, sucralosa, sin calorías, Supermaxi","Sweetner, sucralose, no calories, Supermaxi",100 g,100,0.0,0.0,0.0,0.0,0.0,0.0,,,0.0,,,,,0.0,,,,,,53
736,5,09. AZÚCARES,"Espumilla, (clara de huevos, batidos, con guayaba), crudos, comercialmente preparado","Espumilla, comercial recipe",100 g,100,225.92,,,56.48,,,,,,,8.0,,,,,,,,,53
737,9,09. AZÚCARES,"Espumilla, receta traditional","Espumilla, traditional recipe",100 g,100,269.94,0.26,0.82,65.38,0.15,,,,,9.57,3.55,0.15,0.13,34.42,0.07,50.77,8.88,0.81,0.02,53
738,1,09. AZÚCARES,"Flan, de vainilla, preparado con leche , promedio","Custard, vanilla flavor, prepared with milk, average",100 g,100,112.26,2.86,2.9,18.68,0.1,1.64,0.71,0.2,9.0,89.0,74.0,0.04,119.0,156.0,0.34,0.0,25.0,4.0,0.31,53
739,1,09. AZÚCARES,"Gelatina, con azúcar, preparada con agua, todo sabor, promedio","Yelly, with sugar, prepared with water, all flavors, average",100 g,100,61.64,1.22,0.0,14.19,0.0,0.0,0.0,0.0,0.0,3.0,22.0,0.02,1.0,75.0,0.01,0.0,0.0,1.0,0.0,53
740,7,09. AZÚCARES,"Goma de mascar, chicle, con azúcar, Bubbaloo fresa","Chewing gum, with sugar, Strawberry Bubbaloo",100 g,100,290.91,0.0,0.0,72.73,,0.0,,,0.0,,,,,0.0,,,,,,53
741,1,09. AZÚCARES,"Goma de mascar, chicle, con azúcar, promedio","Chewing gum, with sugar, average",100 g,100,267.02,0.0,0.3,66.08,2.4,0.04,0.08,0.14,0.0,0.0,0.0,0.0,2.0,1.0,0.0,0.0,0.0,0.0,0.0,53
742,1,09. AZÚCARES,"Helado de agua , nieve, tipo paila, distintas frutas, artesanal","Water ice cream, paila type, diferent fruits, handmade, average",100 g,100,117.04,0.05,0.02,29.17,0.14,0.0,0.01,0.02,0.0,3.0,1.0,0.09,13.0,0.0,0.01,7.0,279.0,,0.0,53
743,7,09. AZÚCARES,"Helado de agua, frozen, duo, Topsy","Ice cream, frozen duo, Topsy",100 g,100,62.86,0.0,0.0,15.71,,0.0,0.0,0.0,0.0,,,,,0.0,,,,,,53
744,1,09. AZÚCARES,"Helado de agua, nieve, sabor artificial, promedio","Water ice cream, artificial flavor, average",100 g,100,45.8,0.0,0.2,11.0,,,,,,4.0,2.0,0.5,,,,4.0,,,,53
745,7,09. AZÚCARES,"Helado de crema, alfajor, Topsy","Ice cream, alfajor, Topsy",100 g,100,142.35,2.35,5.88,20.0,,3.53,1.76,0.59,11.76,,,,,76.47,,,,,,54
746,7,09. AZÚCARES,"Helado de crema, big bar, Topsy","Ice cream, big bar, Topsy",100 g,100,297.89,3.16,20.0,26.32,,11.58,7.37,1.05,13.68,,,,,73.68,,,,,,54
747,7,09. AZÚCARES,"Helado de crema, bombon, Topsy","Ice cream, Bombon, Topsy",100 g,100,248.18,1.82,19.09,17.27,,15.45,3.64,0.0,11.82,,,,,31.82,,,,,,54
748,7,09. AZÚCARES,"Helado de crema, bugy gum, Topsy","Ice cream, bugy gum, Topsy",100 g,100,64.62,1.54,3.08,7.69,,2.31,0.77,0.0,6.15,,,,,26.92,,,,,,54
749,7,09. AZÚCARES,"Helado de crema, choc, Topsy","Ice cream, choc, Topsy",100 g,100,201.67,0.0,15.0,16.67,,8.33,5.0,1.67,10.0,,,,,23.33,,,,,,54
750,7,09. AZÚCARES,"Helado de crema, cono flama, Topsy","Ice cream, flame cone, Topsy",100 g,100,244.8,3.2,14.4,25.6,,8.8,4.8,0.8,9.6,,,,,36.0,,,,,,54
751,7,09. AZÚCARES,"Helado de crema, crocante, Topsy","Ice cream, crispy, Topsy",100 g,100,280.0,2.5,20.0,22.5,,12.5,6.25,1.25,11.25,,,,,50.0,,,,,,54
752,7,09. AZÚCARES,"Helado de crema, galletopsy, Topsy","Ice cream, galletopsy, Topsy",100 g,100,168.64,3.39,5.93,25.42,,4.24,1.69,0.0,12.71,,,,,127.12,,,,,,54
753,7,09. AZÚCARES,"Helado de crema, leche con cholate, Los Coqueiros","Ice cream, milk with chocolate, Los Coqueiros",100 g,100,190.91,2.73,5.45,32.73,1.82,3.64,1.82,0.0,31.82,,,,,31.82,,,,,,54
754,7,09. AZÚCARES,"Helado de crema, m&m’s, Topsy","Ice cream, m&m’s, Topsy",100 g,100,105.0,2.0,5.0,13.0,,4.0,1.0,0.0,12.0,,,,,30.0,,,,,,54
755,7,09. AZÚCARES,"Helado de crema, majestik, Topsy","Ice cream, majestik, Topsy",100 g,100,279.05,3.81,20.0,20.95,,10.48,7.62,1.9,55.24,,,,,55.24,,,,,,54
756,7,09. AZÚCARES,"Helado de crema, tipo paila, 5ta generación, Rosalia Suárez","Ice cream, paila type, 5th generation, Rosalia Suárez",100 g,100,0.07,0.0,0.0,0.02,0.0,0.0,0.42,0.0,16.67,,,,,8.33,,,,,,54
757,7,09. AZÚCARES,"Helado de crema, Tony frutilla, Topsy","Ice cream, Tony strawberry, Topsy",100 g,100,118.57,2.86,4.29,17.14,,2.86,1.43,0.0,,,,,,42.86,,,,,,54
758,7,09. AZÚCARES,"Helado de crema, torta imperial, Topsy","Ice cream, imperial cake, Topsy",100 g,100,230.95,4.76,11.9,26.19,,9.52,2.38,0.0,52.38,,,,,59.52,,,,,,54
759,7,09. AZÚCARES,"Helado de crema, Tu y yo, Topsy","Ice cream, you and me, Topsy",100 g,100,97.79,1.47,3.68,14.71,,2.94,0.74,0.0,11.76,,,,,29.41,,,,,,54
760,7,09. AZÚCARES,"Jarabe, de frutilla, Snob","Syrup, strawberry, Snob",100 g,100,266.67,0.0,0.0,66.67,0.0,0.0,,,0.0,,,,,50.0,,,,,,54
761,7,09. AZÚCARES,"Jarabe, sabor a maple, La Quiteña","Syrup, maple, La Quiteña",100 g,100,400.0,0.0,0.0,100.0,0.0,0.0,,,0.0,,,,,0.0,,,,,,54
762,7,09. AZÚCARES,"Jarabe, sirope, sabor a caramelo, Hersheys","Syrup, caramel flavored, Hersheys",100 g,100,263.41,0.0,0.0,65.85,0.0,0.0,,,0.0,,,,,304.88,,,,,,54
763,7,09. AZÚCARES,"Jarabe, sirope, sabor a chicle, Milano","Syrup, chewing gum flavored, Milano",100 g,100,288.89,0.0,0.0,72.22,,0.0,,,0.0,,,,,27.78,,,,,,54
764,7,09. AZÚCARES,"Jarabe, sirope, sabor a chocolate, Milano","Syrup, chocolate flavored, Milano",100 g,100,266.67,0.0,0.0,66.67,0.0,0.0,,,0.0,,,,,0.0,,,,,,54
765,1,09. AZÚCARES,"Leche, condensada, con azúcar, enlatada","Milk, condensed, with sugar, canned",100 g,100,327.54,7.91,8.7,54.4,0.0,5.49,2.43,0.34,34.0,284.0,253.0,0.19,371.0,127.0,0.94,3.0,74.0,11.0,0.44,54
766,7,09. AZÚCARES,"Mermelada, de arándano, Extra Helios","Marmalade, cramberry, Extra Helios",100 g,100,176.0,0.0,0.0,44.0,,0.0,,,0.0,,,,,0.0,,,,,,54
767,7,09. AZÚCARES,"Mermelada, de arándano, silvestre, Bonne Maman","Marmalade, wild cramberry, Bonne Maman",100 g,100,240.0,0.0,0.0,60.0,0.0,0.0,,,0.0,,,,,0.0,,,,,,54
768,7,09. AZÚCARES,"Mermelada, de cereza, sin azúcar","Marmalade, cherry, sugar-free",100 g,100,186.67,,,46.67,,,,,,,,,,,,,,,,55
769,7,09. AZÚCARES,"Mermelada, de fruti-mora, Facundo","Marmalade, strawberry- blackberry, Facundo",100 g,100,294.74,0.0,0.0,73.68,,0.0,,,0.0,,,,,0.0,,,,,,55
770,7,09. AZÚCARES,"Mermelada, de mora, frutilla y mortiño, Muyu Kawsay","Marmalade, blackberry, strawberry and wild blueberry, Muyu kawsay",100 g,100,211.76,0.0,0.0,52.94,0.0,0.0,,,0.0,,,,,,,,,,,55
771,7,09. AZÚCARES,"Mermelada, de mora, Snob","Marmalade, blackberry, Snob",100 g,100,260.0,0.0,0.0,65.0,0.0,0.0,,,0.0,,,,,0.0,,,,,,55
772,7,09. AZÚCARES,"Mermelada, de piña, Gustadina","Marmalade, pineapple, Gustadina",100 g,100,266.67,0.0,0.0,66.67,,0.0,,,0.0,,,,,0.0,,,,,,55
773,7,09. AZÚCARES,"Mermelada, de uvilla, Sierra Negra","Marmalade, goldenberry, Sierra Negra",100 g,100,176.0,0.0,0.0,44.0,4.0,0.0,,,0.0,,,,,100.0,,,,,,55
774,1,09. AZÚCARES,"Mermelada, toda variedad","Marmalade, all varieties",100 g,100,266.4,0.3,0.0,66.3,0.7,0.0,0.0,0.0,0.0,38.0,4.0,0.15,37.0,56.0,0.04,5.0,3.0,9.0,0.0,55
775,7,09. AZÚCARES,"Miel de abeja, class 1, Bachita","Honey Bee, class 1, Bachita",100 g,100,400.0,0.0,0.0,100.0,0.0,0.0,,,0.0,,,,,0.0,,,,,,55
776,1,09. AZÚCARES,"Miel de abeja, promedio",Honey bee,100 g,100,330.8,0.3,0.0,82.4,0.2,0.0,0.0,0.0,0.0,6.0,4.0,0.42,52.0,4.0,0.22,1.0,0.0,2.0,0.0,55
777,7,09. AZÚCARES,"Miel de abeja, Supermaxi","Honey bee, Supermaxi",100 g,100,346.67,0.0,0.0,86.67,0.0,0.0,,,,,,,,,,,,,,55
778,7,09. AZÚCARES,"Miel de maple, orgánico, Schullo","Syrup, maple, organic, Schullo",100 g,100,280.0,0.0,0.0,70.0,,0.0,,,0.0,,,,,0.0,,,,,,55
779,1,09. AZÚCARES,"Miel de maple, para pancakes","Syrup, maple, for pancakes",100 g,100,279.3,0.0,0.1,69.6,0.0,0.02,0.03,0.05,0.0,5.0,10.0,0.07,6.0,61.0,0.23,0.0,0.0,0.0,0.0,55
780,7,09. AZÚCARES,"Miel de panela, Gustadina","Honey, of panela, Gustadina",100 g,100,280.0,0.0,0.0,70.0,,0.0,,,0.0,,,,,16.67,,,,,,55
781,1,09. AZÚCARES,"Panela, raspadura, regular","Panela, regular",100 g,100,368.5,0.4,0.5,90.6,0.0,0.0,0.0,0.0,0.0,51.0,44.0,4.2,346.0,39.0,0.18,2.0,0.0,1.0,0.0,55
782,7,09. AZÚCARES,"Penela, orgánica, granulada, Supermaxi","Panela, organic, grainy, Supermaxi",100 g,100,400.0,0.0,0.0,100.0,0.0,0.0,,,0.0,,,,,0.0,,,,,,55
783,7,09. AZÚCARES,"Penela, orgánica, instantánea, La Abeja Kapira","Panela, organica, instant, La Abeja Kapira",100 g,100,400.0,0.0,0.0,100.0,0.0,0.0,,,0.0,,,,,0.0,,,,,,55
784,7,09. AZÚCARES,"Premezcla para preparar torta, Betty crocker","Powder mix, to prepare cake, Betty Crocker",100 g,100,375.58,4.65,3.49,81.4,0.0,2.33,,,0.0,232.56,,2.09,,720.93,,,,,,55
785,7,09. AZÚCARES,"Premezcla, polvo, para crema chantilly, Royal","Powder mix, to prepare chantilly cream, Royal",100 g,100,455.0,0.0,15.0,80.0,,15.0,,,,,,,,150.0,,,,,,55
786,7,09. AZÚCARES,"Premezcla, polvo, para crema chantilly, Yá","Powder mix, to prepare chantilly cream, Yá",100 g,100,469.0,3.0,17.0,76.0,,16.0,1.5,0.0,15.0,,,,,330.0,,,,,,55
787,1,09. AZÚCARES,"Premezcla, polvo, para preparar torta, de vainilla, promedio","Powder mix, to prepare white cake, vanilla, average",100 g,100,428.1,4.5,10.9,78.0,0.9,1.64,4.59,4.1,0.0,192.0,337.0,1.39,117.0,664.0,0.46,0.0,0.0,147.0,0.18,55
788,7,09. AZÚCARES,"Premezcla, polvo, para preparar torta, sabor a chocolate, Royal","Powder mix, to prepare cake, chocolate flavor, Royal",100 g,100,384.44,6.67,2.22,84.44,,2.22,,,11.11,,,,,777.78,,,,,,55
789,1,09. AZÚCARES,"Chocolate, en barra, chocolate con leche, Golosina","Chocolate, bar, milk chocolate, Golosina",100 g,100,535.14,7.65,29.66,59.4,3.4,14.23,13.21,0.85,23.0,189.0,208.0,2.35,372.0,79.0,2.01,0.0,49.0,11.0,0.62,55
790,1,09. AZÚCARES,"Pastel, de chocolate, promedio","Cake, chocolate, average",100 g,100,382.4,4.1,16.4,54.6,2.8,4.77,8.76,1.85,42.0,43.0,122.0,2.2,200.0,334.0,0.69,0.0,26.0,23.0,0.14,55
791,7,10. SNACKS,"Aros de cebolla, de papa y trigo, sabor cebolla, Yupi","Onions rings, from wheat and potatoe, onions flavor, Yupi",100 g,100,480.95,4.76,23.81,61.9,,7.14,14.29,4.76,0.0,,,,,904.76,,,,,,57
792,7,10. SNACKS,"Bocaditos de harina de trigo, crocantes, Tostachos","Wheat flour bites, crispy, Tostachos",100 g,100,505.0,10.0,25.0,60.0,,10.0,10.0,2.5,50.0,,,,,1650.0,,,,,,57
793,7,10. SNACKS,"Bocaditos de maíz , naturales, doritos, Dippas","Corn bites, natural, doritos, Dippas",100 g,100,506.67,6.67,26.67,60.0,0.0,10.0,10.0,3.33,0.0,,,,,316.67,,,,,,57
794,7,10. SNACKS,"Bocaditos de maíz y quinua, con semillas de ajanjolí, Andean Chips","Corn and quinua bites, with sesame seeds, Andean Chips",100 g,100,486.67,10.0,20.0,66.67,0.0,3.33,,,0.0,,,,,200.0,,,,,,57
795,7,10. SNACKS,"Bocaditos de maíz y quinua, con semillas de chia, Andean Chips","Corn and quinua bites, with chia seeds, Andean Chips",100 g,100,486.67,10.0,20.0,66.67,0.0,3.33,,,0.0,,,,,200.0,,,,,,57
796,7,10. SNACKS,"Bocaditos de maíz y quinua, con semillas de linaza, Andean Chips","Corn and quinua bites, with flaxseeds, Andean Chips",100 g,100,486.67,10.0,20.0,66.67,0.0,3.33,,,0.0,,,,,200.0,,,,,,57
797,7,10. SNACKS,"Bocaditos de maíz, ácido y picante, lemon remix, Doritos","Corn bites, acid and spicy, lemon remix, Doritos",100 g,100,506.67,6.67,26.67,60.0,0.0,10.0,10.0,3.33,0.0,,,,,766.67,,,,,,57
798,7,10. SNACKS,"Bocaditos de maíz, Botanas, con tomate, espinaca y fréjol, Maxipan","Corn Bites, Botanas, with tomatoe, spinach and beans, Maxipan",100 g,100,470.0,10.0,16.67,70.0,,6.67,6.67,3.33,0.0,,,,,1266.67,,,,,,57
799,7,10. SNACKS,"Bocaditos de maíz, con quinoa, y sal marina negra ahumada, Highland Farm","Corn bites, with quinua, and sea salt, Highland Farm",100 g,100,426.67,10.0,13.33,66.67,3.33,1.67,6.67,6.67,0.0,,,,,416.67,,,,,,57
800,7,10. SNACKS,"Bocaditos de maíz, con quinua y chocolate, Highland Farm","Corn bites, with quinoa and chocolate, Highland Farm",100 g,100,423.33,10.0,10.0,73.33,0.0,8.33,1.67,1.67,0.0,,,,,33.33,,,,,,57
801,7,10. SNACKS,"Bocaditos de maíz, cubiertos de caramelo, con sabor artificial a caramelo y arequipo, Palomitas Yupi","Corn bites, cover with caramel, with artificial flavor of caramel and arequipe, Palomitas Yupi",100 g,100,406.67,0.0,6.67,86.67,,3.33,3.33,0.0,0.0,,,,,266.67,,,,,,57
802,7,10. SNACKS,"Bocaditos de maíz, frutitas, Carli Snacks","Corn bites, fruits, Carli Snacks",100 g,100,108.33,10.0,1.67,13.33,,0.0,0.0,0.0,0.0,,,,,50.0,,,,,,57
803,7,10. SNACKS,"Bocaditos de maíz, horneados, sabor a queso, Cheetos, FritoLay","Corn bites, baked, cheese flavor, Cheetos, Fritolay",100 g,100,524.14,6.9,27.59,62.07,0.0,13.79,10.34,3.45,0.0,,,,,517.24,,,,,,57
804,7,10. SNACKS,"Bocaditos de maíz, originales, K-chitos, Fritolay","Corn snack, original, K-chitos, FritoLay",100 g,100,506.67,0.0,26.67,66.67,0.0,13.33,10.0,0.0,0.0,,,,,833.33,,,,,,57
805,7,10. SNACKS,"Bocaditos de maíz, panchitos, naturales, Carli Snacks","Corn snack, panchitos, natural, Carli Snacks",100 g,100,160.0,10.0,13.33,0.0,,5.0,6.67,0.0,0.0,,,,,566.67,,,,,,57
806,7,10. SNACKS,"Bocaditos de maíz, picantes, K-chitos, Fritolay","Corn snack, spicy, K-chitos, FritoLay",100 g,100,533.33,6.67,26.67,66.67,0.0,13.33,10.0,0.0,0.0,,,,,866.67,,,,,,57
807,7,10. SNACKS,"Bocaditos de maíz, redonditos, natural, Supermaxi","Corn bites, around, natural, Supermaxi",100 g,100,503.33,6.67,23.33,66.67,0.0,10.0,10.0,3.33,0.0,,,,,733.33,,,,,,57
808,7,10. SNACKS,"Bocaditos de maíz, rojo, amarillo y verde, Gudiz, Frito Lay","Corn bites, red, yellow and green color, Gudiz, Frito Lay",100 g,100,540.0,4.0,28.0,68.0,0.0,12.0,12.0,4.0,0.0,,,,,0.0,,,,,,57
809,7,10. SNACKS,"Bocaditos de maíz, sabor a queso, picante, Ryskos","Corn bites, cheese flavor, spicy, Ryskos",100 g,100,486.0,6.0,22.0,66.0,,8.0,10.0,4.0,0.0,,,,,300.0,,,,,,58
810,7,10. SNACKS,"Bocaditos de maíz, sabor a queso, Ryskos","Corn bites, cheese flavor, Ryskos",100 g,100,514.0,6.0,26.0,64.0,,12.0,10.0,4.0,0.0,,,,,660.0,,,,,,58
811,7,10. SNACKS,"Bocaditos de maíz, sabor a queso, Supermaxi","Corn bites, triangles, cheese flavor, Supermaxi",100 g,100,490.0,6.67,23.33,63.33,,8.33,10.0,5.0,0.0,,,,,966.67,,,,,,58
812,7,10. SNACKS,"Bocaditos de maíz, sabor a queso, Tornaditos","Corn bites, cheese flavor, Tornaditos",100 g,100,495.0,5.0,25.0,62.5,,10.0,12.5,2.5,0.0,,,,,1925.0,,,,,,58
813,7,10. SNACKS,"Bocaditos de maíz, triángulos, natural, Supermaxi","Corn bites, triangles, natural, Supermaxi",100 g,100,503.33,6.67,23.33,66.67,0.0,10.0,10.0,3.33,0.0,,,,,733.33,,,,,,58
814,7,10. SNACKS,"Bocaditos de maíz, triángulos, originales, natural, Tostitos","Corn bites, triangular, original, natural, Tostitos",100 g,100,493.33,6.67,22.22,66.67,,8.89,8.89,4.44,0.0,,,,,288.89,,,,,,58
815,7,10. SNACKS,"Bocaditos de maíz, triángulos, picantes, jalapeños, Tostitos","Corn bites, triangular, crispy, spicy, jalapeños, Tostitos",100 g,100,504.44,6.67,24.44,64.44,,8.89,8.89,4.44,0.0,,,,,511.11,,,,,,58
816,7,10. SNACKS,"Bocaditos de maíz, triángulos, Totopos","Corn bites, triangles, Totopos",100 g,100,483.33,10.0,16.67,73.33,,5.0,6.67,5.0,0.0,,,,,40.0,,,,,,58
817,7,10. SNACKS,"Bocaditos de trigo, expandido, sabor a tocino, Fred Yupi","Wheat bites, expanded, bacon flavor, Fred Yupi",100 g,100,476.67,6.67,23.33,60.0,,13.33,8.33,1.67,0.0,,,,,966.67,,,,,,58
818,7,10. SNACKS,"Chicharrones, crocantes y doraditos, cueritos, Cronquis",Cronquis greaves,100 g,100,560.0,50.0,40.0,0.0,,16.67,13.33,10.0,16.67,,,,,1966.67,,,,,,58
819,7,10. SNACKS,"Chicharrones, crocantes y doraditos, cueritos, Kikos","Pork rinds, crispy and golden, cueritos, Kikos",100 g,100,553.33,63.33,33.33,0.0,0.0,13.33,16.67,3.33,96.67,,,,,1600.0,,,,,,58
820,7,10. SNACKS,"Chicharrones, crocantes y doraditos, cueritos, Supermaxi","Pork rinds, crispy and golden, cueritos, Supermaxi",100 g,100,540.0,60.0,33.33,0.0,,13.33,13.33,0.0,80.0,,,,,1600.0,,,,,,58
821,7,10. SNACKS,"Chicharrones, crocantes, Inalecsa","Pork rinds, crispy Inalecsa",100 g,100,540.0,60.0,33.33,0.0,,13.33,16.67,3.33,93.33,,,,,1896.67,,,,,,58
822,7,10. SNACKS,"Chicharrones, sabor natural, FritoLay","Pork rinds, natural flavor, FritoLay",100 g,100,540.0,60.0,33.33,0.0,0.0,16.67,13.33,3.33,86.67,,,,,1600.0,,,,,,58
823,7,10. SNACKS,"Chifles, tostones, plátano frito, con sal, El Maqueñito","Fried plantain, tostones, with salt, El Maqueñito",100 g,100,548.0,4.0,36.0,52.0,4.0,8.0,,,0.0,,,,,792.0,,,,,,58
824,7,10. SNACKS,"Chifles, tostones, plátano frito, largos, Supermaxi","Fried plantain, tostones, long type, Supermaxi",100 g,100,536.67,3.33,30.0,63.33,,10.0,13.33,10.0,0.0,,,,,50.0,,,,,,58
825,7,10. SNACKS,"Chifles, tostones, plátano frito, picantes, Tortolines","Fried plantain, tostones, spicy, Tortolines",100 g,100,515.56,0.0,26.67,68.89,,11.11,11.11,4.44,0.0,,,,,33.33,,,,,,58
826,7,10. SNACKS,"Chips de pita, integrales, al horno, Pita Chips","Pita chips, whole, baked, Pita Chips",100 g,100,451.11,8.89,15.56,68.89,,5.56,6.67,5.56,0.0,,,,,600.0,,,,,,58
827,7,10. SNACKS,"Chips de pita, originales, al horno, Pita Chips","Pita chips, original, baked, Pita Chips",100 g,100,451.11,8.89,15.56,68.89,,5.56,6.67,5.56,0.0,,,,,577.78,,,,,,58
828,7,10. SNACKS,"Chips de pita, sabor a canela, Pita Chips","Pita chips, cinnamon flavor, Pita Chips",100 g,100,207.0,4.0,7.0,32.0,,2.0,1.5,3.0,0.0,,,,,240.0,,,,,,58
829,7,10. SNACKS,"Chocolate, en barra, chocolate blanco con leche y arroz, crocante, Galak Nestlé","Chocolate, bar, milk white chocolate with rice, Galak Nestlé",100 g,100,549.4,8.5,33.0,54.6,1.6,20.5,10.5,1.4,19.8,,,,,115.3,,,,,,58
830,7,10. SNACKS,"Chocolate, en barra, chocolate con leche y maní, Manicho Nestlé","Chocolate, bar, peanut milk chocolate, Manicho Nestlé",100 g,100,564.29,10.71,35.71,50.0,0.0,17.86,14.29,3.57,21.43,,,,,89.29,,,,,,58
831,7,10. SNACKS,"Confite, semillas de ajonjolí, ajonjolito, Nutrial","Sweet, Baked sesame seed confit, ajonjolito, Nutrial",100 g,100,588.0,16.0,44.0,32.0,,12.0,8.0,24.0,0.0,,,,,80.0,,,,,,59
832,7,10. SNACKS,"Garbanzo frito, saladito, Lanher Snacks","Fried chickpea, salty, Lanher Snacks",100 g,100,426.65,20.0,13.33,56.67,3.33,3.33,3.33,6.67,0.0,,,,,316.67,,,,,,59
833,7,10. SNACKS,"Habas fritas, Multigoods","Fried haba beans, Multigoods",100 g,100,443.35,20.0,16.67,53.33,3.33,3.33,6.67,6.67,0.0,,,,,200.0,,,,,,59
834,7,10. SNACKS,"Habas fritas, picante, Multigoods","Fried haba beans, spicy, Multigoods",100 g,100,443.35,20.0,16.67,53.33,3.33,3.33,6.67,6.67,0.0,,,,,200.0,,,,,,59
835,7,10. SNACKS,"Habas fritas, saladitas, Uyanza","Fried haba beans, salty, Uyanza",100 g,100,430.0,25.0,10.0,60.0,0.0,2.5,2.5,5.0,0.0,,,,,400.0,,,,,,59
836,7,10. SNACKS,"Hojuela de maíz, con sabor a limón, Takitos","Corn flakes, lemon flavored, Takitos",100 g,100,553.33,6.67,33.33,56.67,0.0,13.33,16.67,5.0,0.0,,,,,800.0,,,,,,59
837,7,10. SNACKS,"Maní, con cobertura crocante, Mani Cris","Peanut, with crispy coverage, Mani Cris",100 g,100,492.86,21.43,21.43,53.57,0.0,0.0,14.29,5.36,0.0,,,,,607.14,,,,,,59
838,7,10. SNACKS,"Mix (papas, chifles, chicharrones y tocinetas), Farreros Full 4D","Mix (potatoes, plantain, chicharrones and bacon), Farreros Full 4D",100 g,100,523.33,26.67,30.0,36.67,0.0,13.33,13.33,3.33,30.0,,,,,900.0,,,,,,59
839,7,10. SNACKS,"Mix (papas, chifles, yucas y chicharrón), El Maqueñito","Mix (potatoes, plantain, cassava and chicharrón), El Maqueñito",100 g,100,553.33,10.0,33.33,53.33,0.0,13.33,13.33,6.67,0.0,,,,,233.33,,,,,,59
840,7,10. SNACKS,"Mix, (papas con cuero), Kikos","Mix (potatoes and chicharrón), Kikos",100 g,100,570.0,33.33,36.67,26.67,1.0,6.67,,,0.0,,,,,1066.67,,,,,,59
841,7,10. SNACKS,"Mix, (papas, chifles y chicharrón), spicy, De Todito","Mix (potatoes, plantainand chicharrón), spicy, De Todito",100 g,100,526.67,6.67,28.89,60.0,0.0,13.33,11.11,3.33,0.0,,,,,777.78,,,,,,59
842,7,10. SNACKS,"Mix, (quinua, arroz y chía), con tomate, albahaca y moringa, Cereales Andinos","Mix (quinua, rice and chia), with tomatoe, basil and moringa, Cereales Andinos",100 g,100,455.0,10.0,15.0,70.0,5.0,3.75,3.75,7.5,0.0,,,,450.0,312.5,,,,,,59
843,7,10. SNACKS,"Mix, (quinua, arroz y chía), sabor BBQ, Cereales Andinos","Mix (quinua, rice and chia), BBQ Flavor, Cereales Andinos",100 g,100,455.0,10.0,15.0,70.0,5.0,3.75,3.75,7.5,0.0,,,,350.0,450.0,,,,,,59
844,7,10. SNACKS,"Mix, vegetales fritos, (zanahoria blanca, yuca, camote, remolacha and plantano), Kiwa","Mix, fried vegetable, (white carrot, cassava, sweet potato, beet and plantain), Kiwa",100 g,100,520.0,3.33,26.67,66.67,6.67,10.0,13.33,3.33,0.0,,,,,233.33,,,,,,59
845,7,10. SNACKS,"Nachos, originales, sin gluten, Taconazo","Nachos, orginal, gluten free, Taconazo",100 g,100,520.0,6.67,26.67,63.33,,8.33,13.33,3.33,0.0,,,,,533.33,,,,,,59
846,7,10. SNACKS,"Nachos, sabor a queso, Tostitos","Nachos, cheese flavor, Tostitos",100 g,100,482.22,6.67,20.0,68.89,,6.67,8.89,4.44,0.0,,,,,422.22,,,,,,59
847,7,10. SNACKS,"Palitos de maíz, sabor a queso, Cheese Trix","Corn sticks, cheese flavored, Cheese Trix",100 g,100,536.67,6.67,30.0,60.0,0.0,16.67,13.33,3.33,0.0,,,,,866.67,,,,,,59
848,7,10. SNACKS,"Palitos de maíz, sabor artificial a queso, Yupi","Corn sticks, artificial cheese flavored, Yupi",100 g,100,484.38,6.25,21.88,65.63,,9.38,9.38,3.13,0.0,,,,,1031.25,,,,,,59
849,7,10. SNACKS,"Palomitas de maíz, canguil, con caramelo, Popetas","Pop corn, canguil, caramel flavor, Popetas",100 g,100,391.67,0.0,5.0,86.67,,1.67,1.67,0.0,0.0,,,,,733.33,,,,,,59
850,7,10. SNACKS,"Palomitas de maíz, canguil, sabor limón picante, Popetas","Pop corn, canguil, hot lemon flavor, Popetas",100 g,100,505.0,10.0,25.0,60.0,,10.0,12.5,5.0,0.0,,,,,750.0,,,,,,59
851,7,10. SNACKS,"Palomitas de maíz, canguil, sabor mantequilla, Popetas","Pop corn, canguil, butter flavor, Popetas",100 g,100,530.0,10.0,30.0,55.0,,12.5,12.5,2.5,40.0,,,,,900.0,,,,,,59
852,7,10. SNACKS,"Palomitas de maíz, sabor a mantequilla, Planet Pop","Pop corn, butter flavor, Planet Pop",100 g,100,466.67,7.41,22.22,59.26,11.11,1.85,14.81,9.26,0.0,,,,,666.67,,,,,,60
853,7,10. SNACKS,"Palomitas de maíz, sabor a queso queddar, Planet Pop","Pop corn, cheddar cheese flavor, Planet Pop",100 g,100,537.5,9.38,25.0,68.75,9.38,3.13,15.63,4.69,0.0,,,,,968.75,,,,,,60
854,7,10. SNACKS,"Palomitas de maíz, sabor a sal marina, Planet Pop","Pop corn, sea salt flavor, Planet Pop",100 g,100,481.48,7.41,22.22,62.96,14.81,1.85,11.11,9.26,0.0,,,,,703.7,,,,,,60
855,7,10. SNACKS,"Papas fritas, sabor a queso cheddar, Lay´s","French fries, cheddar cheese flavor, Lay´s",100 g,100,540.0,8.0,28.0,64.0,4.0,4.0,20.0,4.0,0.0,,,,,300.0,,,,,,60
856,7,10. SNACKS,"Papas fritas, con sal, rizadas, El Maqueñito","French fries, with salt, curly, El Maqueñito",100 g,100,512.0,4.0,32.0,52.0,0.0,8.0,,,0.0,,,,,832.0,,,,,,60
857,7,10. SNACKS,"Papas fritas, originales, Alexander","French fries, original, Alexander",100 g,100,550.0,6.67,30.0,63.33,,8.33,8.33,13.33,0.0,,,,,766.67,,,,,,60
858,7,10. SNACKS,"Papas fritas, palito, Supermaxi","French fries, stick, Supermaxi",100 g,100,536.67,6.67,30.0,60.0,,16.67,10.0,3.33,0.0,,,,,566.67,,,,,,60
859,7,10. SNACKS,"Papas fritas, picantes, Ruffles","French fries, spicy, Ruffles",100 g,100,523.33,6.67,30.0,56.67,0.0,13.33,13.33,3.33,0.0,,,,,600.0,,,,,,60
860,7,10. SNACKS,"Papas fritas, sabor a crema y cebolla, rizadas, Sarita","French fries, cream and onions flavor, curly, Sarita",100 g,100,553.33,10.0,33.33,53.33,,13.33,13.33,3.33,0.0,,,,,400.0,,,,,,60
861,7,10. SNACKS,"Papas fritas, sabor a crema y cebolla, Ruffles","French fries, cream and onions flavor, Ruffles",100 g,100,531.82,6.82,31.82,54.55,2.27,15.91,13.64,3.41,0.0,,,,,704.55,,,,,,60
862,7,10. SNACKS,"Papas fritas, sabor a queso, Pringles","French fries, cheese flavor, Pringles",100 g,100,540.0,5.0,30.0,62.5,5.0,7.5,5.0,17.5,0.0,,,,,400.0,,,,,,60
863,7,10. SNACKS,"Pastel, Torta con helado de vainilla y chocolate, cobertura de chocolate y maní, Capricho, Pinguino","Cake with vanilla and chocolate ice cream,coverage with chocolate and peanuts, Capricho, Pinguino",100 g,100,220.79,3.4,10.19,28.87,0.0,5.1,2.55,0.85,0.0,,,,,76.43,,,,,,60
864,7,10. SNACKS,"Patacones, tostones, plátano frito, sabor a ajo, Chiflar","Fried plantain, tostones, garlic flavor, Chiflar",100 g,100,510.71,3.57,25.0,67.86,10.71,14.29,10.71,1.79,0.0,32.14,,3.57,535.71,357.14,,,,,,60
865,7,10. SNACKS,"Patacones, tostones, plátano frito, sabor a cebolla, Chiflar","Fried plantain, tostones, onion flavor, Chiflar",100 g,100,478.57,3.57,21.43,67.86,10.71,8.93,14.29,3.57,0.0,32.14,,0.71,857.14,303.57,,,,,,60
866,7,10. SNACKS,"Patacones, tostones, plátano frito, sabor a jalapeño, Chiflar","Fried plantain, tostones, jalapeño flavor, Chiflar",100 g,100,525.0,3.57,25.0,71.43,10.71,14.29,10.71,0.0,0.0,14.29,,0.0,503.57,142.86,,,,,,60
867,7,10. SNACKS,"Rosquitas, de almidón de yuca y queso, Inalecsa","Starch donuts, cassava and cheese, Inalecsa",100 g,100,444.0,16.0,12.0,68.0,,8.0,,,0.0,,,,,1600.0,,,,,,60
868,7,10. SNACKS,"Snack, jalapeño poppers, cheddar cheese flavos, TGI Fridays","Snack, jalapeño poppers, cheddar cheese flavor, TGI Fridays",100 g,100,493.33,6.67,26.67,56.67,,3.33,20.0,3.33,0.0,,,,,733.33,,,,,,60
869,7,10. SNACKS,"Snack, mozzarella sticks, original, TGI Fridays","Snack, mozzarella sticks, original, TGI Fridays",100 g,100,523.33,6.67,30.0,56.67,,3.33,20.0,3.33,0.0,,,,,833.33,,,,,,60
870,7,10. SNACKS,"Soya, tostada, con sal de mar, Schullo","Soybean, toasted, with sea salt, Schullo",100 g,100,460.0,30.0,20.0,40.0,16.67,3.33,10.0,6.67,0.0,,,,,533.33,,,,,,60
871,7,10. SNACKS,"Tostadas de maíz, botanas, sabor a limón, Sobolyba","Corn bites, botanas, lemon flavor, Sobolyba",100 g,100,448.57,5.71,14.29,74.29,0.0,2.86,8.57,2.86,0.0,,,,,342.86,,,,,,60
872,7,10. SNACKS,"Tostadas de maíz, botanas, sabor BBQ, de Sobolyba","Corn bites, botanas, BBQ flavor, de Sobolyba",100 g,100,531.43,5.71,28.57,62.86,0.0,7.14,14.29,5.71,0.0,,,,,342.86,,,,,,60
873,7,10. SNACKS,"Bebida, en polvo, intantánea, baja en calorias, limón, Sanna","Lemon juice, powder, instant, low calories, Sanna",100 g,100,356.0,0.0,0.0,89.0,0.0,0.0,,,0.0,,,,,0.0,,,,,,61
874,7,10. SNACKS,"Bebida, en polvo, intantánea, mandarina, Supermaxi","Mandarine juice, powder, instant, Supermaxi",100 g,100,0.0,0.0,0.0,0.0,0.0,0.0,,,0.0,,,,,0.0,,,,,,61
875,7,10. SNACKS,"Bebida, en polvo, intantánea, manzana verde, Clight","Green apple juice, powder, instant, Clight",100 g,100,0.0,0.0,0.0,0.0,,0.0,,,0.0,,,,,2353.0,,,,,,61
876,7,10. SNACKS,"Bebida, en polvo, intantánea, sabor a naranja, fresa y maracuyá, baja en calorias, Tang","Artificial juice, powder, instant, orange, strawberry and passion fruit flavor, low calories, Tang",100 g,100,333.0,0.0,0.0,83.0,,0.0,,,0.0,,,,,2083.0,,,,,,61
877,7,10. SNACKS,"Bebida, en polvo, jugo de naranja, Naranjayá","Orange juice, powder, instant, Naranjayá",100 g,100,222.0,0.0,0.0,56.0,,0.0,,,0.0,,,,,556.0,,,,,,61
878,7,10. SNACKS,"Bebida, en polvo, limonada rosa, Alme","Pink lemonade, powder, Alme",100 g,100,343.0,0.0,0.0,85.7,0.0,0.0,,,0.0,,,,,429.0,,,,,,61
879,7,10. SNACKS,"Bebida, en polvo, té negro, instantaneo, sabor a limón, Legz","Black tea, powder, instant, lemon flavor, Legz",100 g,100,395.0,0.0,0.0,99.0,0.0,0.0,,,0.0,,,,,99.0,,,,,,61
880,7,10. SNACKS,"Bebida, en polvo, té, sabor a maracuyá, Suntea","Passion fruit tea, powder, instant, lemon flavor, Suntea",100 g,100,417.0,0.0,0.0,104.0,,0.0,,,0.0,,,,,208.0,,,,,,61
881,3,10. SNACKS,"Chicha,de jora, maiz","Chicha, yellow corn",100 g,100,28.0,0.0,0.0,6.0,,,,,,22.0,18.0,2.0,,,,2.0,,,,61
882,3,10. SNACKS,"Chicha, de yuca","Chicha, cassave",100 g,100,37.0,0.0,0.0,9.0,,,,,,11.0,14.0,1.0,,,,4.0,,,,61
883,3,10. SNACKS,"Café, sin azúcar","Coffee, without sugar",100 g,100,3.0,0.0,0.0,1.0,,,,,,4.0,3.0,0.0,,,0.0,,,,,61
884,7,10. SNACKS,"Salsa, base de tomate y vegetales, Pacose","Sausage, tomatoe base with vegetables, Pacose",100 g,100,53.33,0.0,0.0,13.33,0.0,0.0,,,0.0,,,,,533.33,,,,,,61
885,1,10. SNACKS,"Salsa, de tomate, regular","Ketchup, regular",100 g,100,110.7,1.74,0.38,25.08,0.3,0.05,0.06,0.15,0.0,18.0,33.0,0.51,382.0,1114.0,0.26,15.0,47.0,10.0,0.0,61
886,7,10. SNACKS,"Salsa, picante, Pacose","Hot sauce, Pacose",100 g,100,26.67,0.0,0.0,6.67,6.67,0.0,,,0.0,,,,,533.33,,,,,,61
887,7,10. SNACKS,"Salsa, sabor a queso, Gustadina","Sauce, cheese flavored, Gustadina",100 g,100,635.71,0.0,64.29,14.29,,10.71,17.86,35.71,64.29,,,,,785.71,,,,,,61
888,7,10. SNACKS,"Salsa, sabor a queso, Nacho","Cheese sauce, Nacho",100 g,100,130.3,1.01,9.09,11.11,0.0,2.02,3.03,0.51,0.0,,,,,808.08,,,,,,61
889,7,10. SNACKS,"Salsa, sabor a tocino, amarilla, Cooking Choice","Sauce, flavor bacon, yellow, Cooking Choice",100 g,100,300.0,0.0,33.33,0.0,,10.0,13.33,10.0,66.67,,,,,866.67,,,,,,61
890,7,10. SNACKS,"Salsa, tipo guacamole, Ole","Sauce, guacamole type, Ole",100 g,100,240.0,0.0,26.67,0.0,,3.33,10.0,13.33,0.0,,,,,666.67,,,,,,61
891,7,11. ALIMENTOS EXPRESADOS EN 100 ML,"Aceite, de canola, en Spray, PAM original","Oil, canola, spray, PAM original",100 ml,100,900.0,0.0,100.0,0.0,,0.0,,,0.0,,,,,,,,,,,63
892,7,11. ALIMENTOS EXPRESADOS EN 100 ML,"Aceite, vegetal, con achiote, Supermaxi","Vegetable Oil, with achiote, Supermaxi",100 ml,100,900.0,0.0,100.0,0.0,0.0,28.57,21.42,50.0,0.0,,,,,0.0,,,,,,63
893,7,11. ALIMENTOS EXPRESADOS EN 100 ML,"Achiote, aceite, Alesol","Achiote, oil, Alesol",100 ml,100,900.0,0.0,100.0,0.0,0.0,28.57,21.43,50.0,0.0,,,,,0.0,,,,,,63
894,7,11. ALIMENTOS EXPRESADOS EN 100 ML,"Agua de coco, sin azúcar adicionada, Natures Heart","Coconut water, without sugar added, Natures Heart",100 ml,100,22.4,0.4,0.0,5.2,0.0,0.0,0.0,0.0,0.0,,,,,20.0,,,,,,63
895,7,11. ALIMENTOS EXPRESADOS EN 100 ML,"Bebida energizante, con guayusa, sabor a maracuyá y mango, Waykana","Energizing drink, with guayusa, mango and passion fruit flavor, Waykana",100 ml,100,31.67,0.0,0.15,7.58,,0.0,,,0.0,,30.3,11.11,,7.58,,,,,,63
896,7,11. ALIMENTOS EXPRESADOS EN 100 ML,"Bebida energizante, original, V220","Energy drink, original, V220",100 ml,100,52.0,0.0,0.0,13.0,,0.0,,,0.0,,,,,21.0,,,,,,63
897,7,11. ALIMENTOS EXPRESADOS EN 100 ML,"Bebida energizante, Red Bull","Energy drink, Red Bull",100 ml,100,44.0,0.0,0.0,11.0,,0.0,,,0.0,,,,,40.0,,,,,,63
898,7,11. ALIMENTOS EXPRESADOS EN 100 ML,"Bebida gaseosa, clásica, con jugo de mora, Orangine","Carbonated drink, soda, clasic, with blackberry juice, Orangine",100 ml,100,51.67,0.0,0.0,12.92,0.0,0.0,,,0.0,,,,,12.5,,,,,,63
899,7,11. ALIMENTOS EXPRESADOS EN 100 ML,"Bebida gaseosa, con frambuesa, Kión","Carbonated drink, soda, with raspberry, Kión",100 ml,100,21.33,0.0,0.0,5.33,,0.0,,,0.0,,,,,43.33,,,,,,63
900,7,11. ALIMENTOS EXPRESADOS EN 100 ML,"Bebida gaseosa, con guaraná, Cult","Energy drink, with guaraná, Cult",100 ml,100,48.0,0.0,0.0,12.0,,,,,0.0,,,,,0.0,,,,,,63
901,7,11. ALIMENTOS EXPRESADOS EN 100 ML,"Bebida gaseosa, con jengibre, Ginger Ale","Carbonated drink, soda, with ginger, Ginger Ale",100 ml,100,1.67,0.0,0.0,0.42,0.0,0.0,,,0.0,,,,,0.0,,,,,,63
902,7,11. ALIMENTOS EXPRESADOS EN 100 ML,"Bebida gaseosa, de guaraná, baja en calorías, Antarctica","Carbonated drink, of guaraná, low calories, Antarctica",100 ml,100,0.0,0.0,0.0,0.0,0.0,0.0,,,0.0,,,,,5.71,,,,,,63
903,7,11. ALIMENTOS EXPRESADOS EN 100 ML,"Bebida gaseosa, de guaraná, con sabor a guaraná, Antarctica","Carbonated drink, of guaraná, with guraná flavor, Antarctica",100 ml,100,41.14,0.0,0.0,10.29,0.0,0.0,,,0.0,,,,,5.71,,,,,,63
904,7,11. ALIMENTOS EXPRESADOS EN 100 ML,"Bebida gaseosa, de guayusa, frutos rojos, Misha","Carbonated drink, of guayusa, berries, Misha",100 ml,100,18.33,0.0,0.0,4.58,0.0,0.0,,,0.0,,125.0,45.83,,18.75,,,,,,63
905,7,11. ALIMENTOS EXPRESADOS EN 100 ML,"Bebida gaseosa, de guayusa, sabor a limón, Misha","Carbonated drink, of guayusa, lemon flavor, Misha",100 ml,100,18.33,0.0,0.0,4.58,0.0,0.0,,,0.0,,,,,18.75,,,,,,63
906,7,11. ALIMENTOS EXPRESADOS EN 100 ML,"Bebida gaseosa, libre de calorías, sin azúcar, Coca Cola Zero","Carbonated drink, soda, free calories, without sugar, Coca Cola Zero",100 ml,100,0.0,0.0,0.0,0.0,,0.0,,,0.0,,,,,12.5,,,,,,63
907,7,11. ALIMENTOS EXPRESADOS EN 100 ML,"Bebida gaseosa, limonada, Imperial","Carbonated water, lemonade flavor, Imperial",100 ml,100,30.0,0.0,0.0,7.5,0.0,0.0,,,0.0,,,,,6.25,,,,,,63
908,7,11. ALIMENTOS EXPRESADOS EN 100 ML,"Bebida gaseosa, original, Fioravanti","Carbonated drink, soda, original, Fioravanti",100 ml,100,20.0,0.0,0.0,5.0,,0.0,,,0.0,,,,,8.33,,,,,,63
909,7,11. ALIMENTOS EXPRESADOS EN 100 ML,"Bebida gaseosa, original, Pepsi","Carbonated drink, soda, original, Pepsi",100 ml,100,45.57,0.0,0.0,11.39,,0.0,,,,,,,,4.22,,,,,,63
910,7,11. ALIMENTOS EXPRESADOS EN 100 ML,"Bebida gaseosa, sabor a cola, Big Cola","Carbonated drink, soda, cola flavor, Big Cola",100 ml,100,10.0,0.0,0.0,2.5,,0.0,,,0.0,,,,,6.25,,,,,,63
911,7,11. ALIMENTOS EXPRESADOS EN 100 ML,"Bebida gaseosa, sabor a cola, Colombiana","Carbonated drink, soda, cola flavor, Colombiana",100 ml,100,31.67,,,7.92,,,,,,,,,,4.17,,,,,,64
912,7,11. ALIMENTOS EXPRESADOS EN 100 ML,"Bebida gaseosa, sabor a fresa, Fruit","Carbonated drink, soda, strawberry flavor, Fruit",100 ml,100,10.0,0.0,0.0,2.5,,,,,,,,,,6.25,,,,,,64
913,7,11. ALIMENTOS EXPRESADOS EN 100 ML,"Bebida gaseosa, sabor a jengibre, Seagrams","Carbonated drink, soda, Ginger flavored, Seagrams",100 ml,100,29.3,0.0,0.0,7.32,,0.0,,,0.0,,,,,9.86,,,,,,64
914,7,11. ALIMENTOS EXPRESADOS EN 100 ML,"Bebida gaseosa, sabor a lima limón, baja en calorías, Buzz","Carbonated drink, soda, lima and lemon flavor, Low calorie, Buzz",100 ml,100,8.33,0.0,0.0,2.08,0.0,0.0,,,0.0,,,,,8.33,,,,,,64
915,7,11. ALIMENTOS EXPRESADOS EN 100 ML,"Bebida gaseosa, sabor a limón, Fruit","Carbonated drink, soda, lemon flavor, Fruit",100 ml,100,10.0,0.0,0.0,2.5,,,,,,,,,,8.33,,,,,,64
916,7,11. ALIMENTOS EXPRESADOS EN 100 ML,"Bebida gaseosa, sabor a manzana, Postobon","Carbonated drink, soda, apple flavor, Postobon",100 ml,100,30.0,,,7.5,,,,,,,,,,8.33,,,,,,64
917,7,11. ALIMENTOS EXPRESADOS EN 100 ML,"Bebida gaseosa, sabor a naranja, Fruit","Carbonated drink, soda, orange flavor, Fruit",100 ml,100,10.0,0.0,0.0,2.5,,,,,,,,,,8.33,,,,,,64
918,7,11. ALIMENTOS EXPRESADOS EN 100 ML,"Bebida gaseosa, sabor a uva, Postobon","Carbonated drink, soda, grape flavor, Postobon",100 ml,100,31.67,,,7.92,,,,,,,,,,8.33,,,,,,64
919,7,11. ALIMENTOS EXPRESADOS EN 100 ML,"Bebida gaseosa, sabor artificial, uva, C&C","Carbonated drink, soda, artificial flavor, C&C",100 ml,100,49.58,0.0,0.0,12.39,,,,,,,,,,14.08,,,,,,64
920,7,11. ALIMENTOS EXPRESADOS EN 100 ML,"Bebida gaseosa, sabor cítrico, Mountain Dew","Carbonated drink, soda, citrus flavor, Mountain Dew",100 ml,100,50.63,0.0,0.0,12.66,,0.0,,,,,,,,8.44,,,,,,64
921,7,11. ALIMENTOS EXPRESADOS EN 100 ML,"Bebida gaseosa, sin azúcar, con jugo de mora, Orangine","Carbonated drink, soda, sugar free, with blackberry juice, Orangine",100 ml,100,0.0,0.0,0.0,0.0,0.0,0.0,,,0.0,,,,,8.33,,,,,,64
922,7,11. ALIMENTOS EXPRESADOS EN 100 ML,"Bebida gaseosa, sin azúcar, sabor a manzana, Fioravanti","Carbonated drink, soda, sugar free, apple flavor, Fioravanti",100 ml,100,0.0,0.0,0.0,0.0,,0.0,,,0.0,,,,,5.0,,,,,,64
923,7,11. ALIMENTOS EXPRESADOS EN 100 ML,"Bebida gaseosa, sin calorías, sabor ligero, light, Coca Cola","Carbonated drink, soda, free calories, light taste, Coca Cola Light",100 ml,100,0.0,0.0,0.0,0.0,,0.0,,,0.0,,,,,8.33,,,,,,64
924,7,11. ALIMENTOS EXPRESADOS EN 100 ML,"Bebida gaseosa, sin calorías, Sprite","Carbonated drink, soda, free calories, Sprite",100 ml,100,0.0,0.0,0.0,0.0,,0.0,,,0.0,,,,,15.0,,,,,,64
925,7,11. ALIMENTOS EXPRESADOS EN 100 ML,"Bebida gaseosa, sin colorantes, sabor a piña, Quintuple","Carbonated drink, soda, without colorante, pineapple flavor, Quintuple",100 ml,100,0.0,0.0,0.0,0.0,,0.0,,,0.0,,,,,8.33,,,,,,64
926,7,11. ALIMENTOS EXPRESADOS EN 100 ML,"Bebida gaseosa, sin colorantes, Tropical","Carbonated drink, without colorants, Tropical",100 ml,100,0.0,0.0,0.0,0.0,,0.0,,,0.0,,,,,3.75,,,,,,64
927,7,11. ALIMENTOS EXPRESADOS EN 100 ML,"Bebida gaseosa, soda energética, (guayusa, jengibre, panela, energía y burbujas), Wá","Carbonated drink, energetic soda, (guayusa, ginger, panela, energy and bubbles), Wá",100 ml,100,36.0,0.0,0.0,9.0,0.0,0.0,,,0.0,,,,,11.67,,,,,,64
928,7,11. ALIMENTOS EXPRESADOS EN 100 ML,"Bebida gaseosa, te con guayusa, con jugo de caña y limón, Liv tea","Carbonated drink, tea with guayusa, juice of sugarcane and lemon, Liv tea",100 ml,100,29.33,0.33,0.0,7.0,0.0,0.0,,,0.0,,,,,3.33,,,,,,64
929,7,11. ALIMENTOS EXPRESADOS EN 100 ML,"Bebida gaseosa, with blackberry juice, burbujeante, Orangine","Carbonated drink, soda, with blackberry juice, bubbly, Orangine",100 ml,100,3.33,0.0,0.0,0.83,0.0,0.0,,,0.0,,,,,8.33,,,,,,65
930,7,11. ALIMENTOS EXPRESADOS EN 100 ML,"Bebida gaseosa,original, Inca Kola","Carbonated drink, soda, original, Inca Kola",100 ml,100,0.0,0.0,0.0,0.0,,0.0,,,0.0,,,,,10.0,,,,,,65
931,7,11. ALIMENTOS EXPRESADOS EN 100 ML,"Bebida hidratante, bebida deportiva, con electrolitos, sabor a manzana, Sporade","Hydrating drink, sports drink, with electrolytes, apple flavor, Sporade",100 ml,100,25.0,0.0,0.0,6.25,,0.0,,,0.0,,,,,35.42,,,,,,65
932,7,11. ALIMENTOS EXPRESADOS EN 100 ML,"Bebida hidratante, bebida deportiva, con electrolitos, sabor a uva, Sporade","Hydrating drink, sports drink, with electrolytes, grape flavor, Sporade",100 ml,100,28.33,0.0,0.0,7.08,,,,,0.0,,,,,70.83,,,,,,65
933,7,11. ALIMENTOS EXPRESADOS EN 100 ML,"Bebida hidratante, bebida deportiva, con electrolitos, sabor frutas tropicales, Sporade","Hydrating drink, sports drink, with electrolytes, tropical fuirts flavor, Sporade",100 ml,100,23.33,0.0,0.0,5.83,,,,,,,,,12.5,45.83,,,,,,65
934,7,11. ALIMENTOS EXPRESADOS EN 100 ML,"Bebida hidratante, bebida deportiva, Powerade","Hydrating drink, sports drink, (sodium, potassium, calcium, magnesium ), Powerade",100 ml,100,0.0,0.0,0.0,0.0,,0.0,,,0.0,,,,,42.0,,,,,,65
935,7,11. ALIMENTOS EXPRESADOS EN 100 ML,"Bebida hidratante, bebida deportiva, sabor a limón, G Active","Hydrating drink, sports drink, (water + electrolytes and vitamins), lemon flavor, G Active",100 ml,100,0.0,0.0,0.0,0.0,,0.0,,,0.0,,,,12.5,50.0,,,,,,65
936,7,11. ALIMENTOS EXPRESADOS EN 100 ML,"Bebida hidratante, bebida deportiva, sabor frutas tropicales, Gatorade Perform","Hydrating drink, sports drink, tropical fruits flavor, Gatorade Perform",100 ml,100,23.33,0.0,0.0,5.83,,0.0,,,0.0,,,,12.5,45.83,,,,,,65
937,7,11. ALIMENTOS EXPRESADOS EN 100 ML,"Bebida láctea, con avena, sabor a canela, Toni","Milk drink, with oatmeal, cinnamon flavor, Toni",100 ml,100,84.4,2.4,2.8,12.4,0.0,1.6,1.0,0.2,8.0,,,,,40.0,,,,,,65
938,7,11. ALIMENTOS EXPRESADOS EN 100 ML,"Bebida, artificial, néctar de durazno, Pulp","Artificial drink, peach nectar, Pulp",100 ml,100,30.4,0.4,0.0,7.2,0.8,0.0,,,0.0,,,,,6.4,,,,,,65
939,7,11. ALIMENTOS EXPRESADOS EN 100 ML,"Bebida, con jugo concentrado de uva, Snapple","Drink, with grape juice concentrated; Snapple",100 ml,100,32.14,0.0,0.0,8.03,,,,,,,,,,50.74,,,,,,65
940,7,11. ALIMENTOS EXPRESADOS EN 100 ML,"Bebida, con néctar de uva, Huesitos, Nestlé","Drink, with grape nectar, Huesitos, Nestlé",100 ml,100,32.43,0.0,0.0,8.11,,0.0,,,0.0,,,,,8.11,,,,,,65
941,7,11. ALIMENTOS EXPRESADOS EN 100 ML,"Bebida, de aloe, sávila, con fibra, Saviloe","Aloe drink, with fiber, Saviloe",100 ml,100,17.5,0.0,0.0,4.38,1.56,0.0,,,0.0,,,,,15.63,,,,,,65
942,7,11. ALIMENTOS EXPRESADOS EN 100 ML,"Bebida, de aloe, sávila, pasteurizada, sabor a fresa, Houssy","Aloe drink, pasteurized, strawberry flavor, Houssy",100 ml,100,8.0,0.0,0.0,2.0,,0.0,,,0.0,,,,,15.0,,,,,,65
943,7,11. ALIMENTOS EXPRESADOS EN 100 ML,"Bebida, de aloe, sávila, sabor a piña, Aloe Vera King","Aloe drink, pineapple flavor, Aloe Vera King",100 ml,100,43.33,,,10.83,,,,,,,,,,,,,,,,65
944,7,11. ALIMENTOS EXPRESADOS EN 100 ML,"Bebida, de arándano, seleccionado, Natura, Nestlé","Drink, of selected cramberry, Natura, Nestlé",100 ml,100,8.0,0.0,0.0,2.0,,0.0,,,0.0,,,,,10.0,,,,,,65
945,7,11. ALIMENTOS EXPRESADOS EN 100 ML,"Bebida, de arándanos, Refresh","Cranberry drink, Refresh",100 ml,100,16.0,0.0,0.0,4.0,0.0,0.0,,,0.0,,,,,0.0,,,,,,65
946,7,11. ALIMENTOS EXPRESADOS EN 100 ML,"Bebida, de arroz o quinua, sin azúcar, Natures Heart","Beverage, rice or quinoa, sugarfree, Natures Heart",100 ml,100,49.58,0.42,1.25,9.17,0.42,0.42,0.42,0.42,0.0,,,,,8.33,,,,,,66
947,7,11. ALIMENTOS EXPRESADOS EN 100 ML,"Bebida, de avena, con maracuyá, sabor naranjilla, with vitamins A and D, Toni","Oatmeal drink, with passion fruit, naranjilla flavor, with vitamins A and D, Toni",100 ml,100,42.5,0.5,0.5,9.0,0.0,0.0,,,0.0,,,,,15.0,,,,,,66
948,7,11. ALIMENTOS EXPRESADOS EN 100 ML,"Bebida, de avena, tradicional, sabor naranjilla, Toni","Oatmeal drink, traditional, naranjilla flavor, Toni",100 ml,100,59.6,0.8,0.4,13.2,0.4,0.2,0.2,0.0,0.0,,,,,10.0,,,,,,66
949,7,11. ALIMENTOS EXPRESADOS EN 100 ML,"Bebida, de chía, frutos rojos y jamaica, Liv","Chia drink, berries and jamaica, Liv",100 ml,100,21.33,1.0,1.33,1.33,1.33,0.33,0.0,1.0,0.0,,,,,0.0,,,,,,66
950,7,11. ALIMENTOS EXPRESADOS EN 100 ML,"Bebida, de chía, manzana y pitahaya, Liv","Chia drink, apple and pitahaya, Liv",100 ml,100,21.33,1.0,1.33,1.33,1.33,0.33,0.0,1.0,0.0,,,,,0.0,,,,,,66
951,7,11. ALIMENTOS EXPRESADOS EN 100 ML,"Bebida, de coco, Coconut","Coconut drink, Coconut",100 ml,100,16.67,,,4.17,,,,,,,,,,2.08,,,,,,66
952,7,11. ALIMENTOS EXPRESADOS EN 100 ML,"Bebida, de coco, Oriental","Coconut drink, Oriental",100 ml,100,73.33,0.42,1.67,14.17,0.0,0.0,,,0.0,,,,,112.5,,,,,,66
953,7,11. ALIMENTOS EXPRESADOS EN 100 ML,"Bebida, de coco, sabor a vainilla, con vitaminas, Natures Heart","Coconut beverage, vanilla flavor, with vitamins, Natures Heart",100 ml,100,34.0,0.5,2.0,3.5,0.0,2.0,0.0,0.0,0.0,122.0,,,,45.0,,,,,,66
954,7,11. ALIMENTOS EXPRESADOS EN 100 ML,"Bebida, de jamaica, sabor frutos rojos, endulzada con stevia, Tippy Tea","Jamaica drink, berries flavor, sweetened with stevia, Tippy Tea",100 ml,100,3.33,0.0,0.0,0.83,,0.0,,,0.0,,,,,8.33,,,,,,66
955,7,11. ALIMENTOS EXPRESADOS EN 100 ML,"Bebida, de jenjibre, Ginger Ale","Ginger soft drink, Ginger Ale",100 ml,100,36.0,0.0,0.0,9.0,0.0,0.0,,,0.0,,,,,0.0,,,,,,66
956,7,11. ALIMENTOS EXPRESADOS EN 100 ML,"Bebida, de maíz morado, frutas y especies, Purple Maize","Drink, purple corn, fruits and spices, Purple Maize",100 ml,100,12.0,0.0,0.0,3.0,0.0,0.0,,,0.0,,,,,0.33,,,,,,66
957,7,11. ALIMENTOS EXPRESADOS EN 100 ML,"Bebida, de malta, sin alcohol, Pony Malta","Malt drink, without alcohol, Pony Malta",100 ml,100,31.67,0.0,0.0,7.92,0.0,0.0,,,0.0,,,,,6.25,,,,,,66
958,7,11. ALIMENTOS EXPRESADOS EN 100 ML,"Bebida, de naranja, con vitaminas A and zinc, Natura, Nestlé","Drink, orange, with vitamins A and zinc, Natura, Nestlé",100 ml,100,32.0,0.0,0.0,8.0,,0.0,,,0.0,,,,,7.5,,,,,,66
959,7,11. ALIMENTOS EXPRESADOS EN 100 ML,"Bebida, de naranja, con vitaminas A, C y zinc, Natura, Nestlé","Drink, orange, with vitamins A, C and zinc, Natura, Nestlé",100 ml,100,32.0,0.0,0.0,8.0,,0.0,,,0.0,,,,,7.5,,,,,,66
960,7,11. ALIMENTOS EXPRESADOS EN 100 ML,"Bebida, de rooibos, sabor a mango, endulzado con stevia, Tippy Tea","Rooibos drink, mango flavor, sweetened with stevia, Tippy Tea",100 ml,100,1.67,0.0,0.0,0.42,,0.0,,,0.0,,,,,8.33,,,,,,66
961,7,11. ALIMENTOS EXPRESADOS EN 100 ML,"Bebida, de soya, melocotón y soya, Vive Soy","Soya drink, peach and soy juice, Vive Soy",100 ml,100,35.6,0.8,0.4,7.2,0.4,0.1,0.1,0.2,,,,,,12.0,,6.0,,,,66
962,7,11. ALIMENTOS EXPRESADOS EN 100 ML,"Bebida, infusión natural, endulzada con stevia, no contiene colorantes, Aqua Live","Drink, natural infusion, sweetened with stevia, without colorants, Aqua Live",100 ml,100,3.33,0.0,0.0,0.83,0.0,0.0,,,0.0,,,,,8.33,,,,,,66
963,7,11. ALIMENTOS EXPRESADOS EN 100 ML,"Bebida, jugo de uva, Welchito","Drink, Grape juice, Welchito",100 ml,100,58.0,0.0,0.0,14.5,,,,,,,,,,12.5,,45.0,,,,66
964,7,11. ALIMENTOS EXPRESADOS EN 100 ML,"Bebida, libre de calorías, sabor a limón, Tesalia Ice","Calorie free drink, lemon flavor, Tesalia Ice",100 ml,100,0.0,0.0,0.0,0.0,,0.0,,,0.0,,,,,27.08,,,,,,66
965,7,11. ALIMENTOS EXPRESADOS EN 100 ML,"Bebida, libre de calorías, sabor a naranjilla, Tesalia Ice","Calorie free drink, naranjilla flavor, Tesalia Ice",100 ml,100,0.0,0.0,0.0,0.0,,0.0,,,0.0,,,,,27.08,,,,,,67
966,7,11. ALIMENTOS EXPRESADOS EN 100 ML,"Bebida, limonada, All Natural","Drink, lemonade, All Natural",100 ml,100,5.2,0.0,0.4,0.4,,0.0,,,0.0,,,,,12.0,,,,,,67
967,7,11. ALIMENTOS EXPRESADOS EN 100 ML,"Bebida, mezcla de jugos concentrados, kiwi y fresa, Snapple","Drink, concentrated mix juices, Kiwi and Strawberry, Snapple",100 ml,100,48.2,0.0,0.0,12.05,,,,,,,,,,10.57,,,,,,67
968,7,11. ALIMENTOS EXPRESADOS EN 100 ML,"Bebida, nectar de durazno, Nutri","Drink, peach nectar, Nutri",100 ml,100,28.0,0.5,0.0,6.5,,0.0,,,0.0,,,,,2.5,,,,,,67
969,7,11. ALIMENTOS EXPRESADOS EN 100 ML,"Bebida, nectar de durazno, VVK","Drink, peach nectar, VVK",100 ml,100,77.33,0.0,0.0,19.33,0.0,0.0,,,0.0,,,,,0.0,,,,,,67
970,7,11. ALIMENTOS EXPRESADOS EN 100 ML,"Bebida, nectar de mango, Sunny","Drink, mangos nectar, Sunny",100 ml,100,32.0,0.0,0.0,8.0,0.0,0.0,,,0.0,,,,,0.0,,,,,,67
971,7,11. ALIMENTOS EXPRESADOS EN 100 ML,"Bebida, nectar de manzana, con vitamina C, Natura, Nestlé","Drink, apple nectar, with vitamin C, Natura, Nestlé",100 ml,100,18.0,0.0,0.0,4.5,,0.0,,,0.0,,,,,5.0,,,,,,67
972,7,11. ALIMENTOS EXPRESADOS EN 100 ML,"Bebida, nectar de naranja, con vitaminas A, C y zinc, Natura, Nestlé","Drink, orange nectar, with vitamins A, C and zinc, Natura, Nestlé",100 ml,100,38.0,0.0,0.0,9.5,,0.0,,,0.0,,,,,7.5,,,,,,67
973,7,11. ALIMENTOS EXPRESADOS EN 100 ML,"Bebida, nectar mixto, de mango, naranja, manzana y uvilla, Natura, Nestlé","Drink, nectar mixed, of mango, orange, apple and goldenberry, Natura, Nestlé",100 ml,100,32.43,0.0,0.0,8.11,,0.0,,,0.0,,,,,8.11,,,,,,67
974,7,11. ALIMENTOS EXPRESADOS EN 100 ML,"Bebida, nectar mixto, de mora, coco y manzana, Natura, Nestlé","Drink, nectar mixed, of blackberry, coconut and apple, Natura, Nestlé",100 ml,100,39.25,0.0,1.25,7.0,,1.0,,,0.0,,,,,7.5,,,,,,67
975,7,11. ALIMENTOS EXPRESADOS EN 100 ML,"Bebida, nectar, nutridefensas de durazno, Del Valle","Drink, peach nectar, nutridefense, Del Valle",100 ml,100,25.6,0.0,0.0,6.4,,0.0,,,0.0,,,,,4.0,,,,,,67
976,7,11. ALIMENTOS EXPRESADOS EN 100 ML,"Bebida, ponche de fruta, Fruit Juice Red","Drink, fruit punch, Fruit Juice Red",100 ml,100,28.33,0.0,0.0,7.08,,,,,,,,,,20.83,,,,,,67
977,7,11. ALIMENTOS EXPRESADOS EN 100 ML,"Bebida, sabor mezcla tropical, 5 jugos y puré de mango, Splash","Drink, tropical blend splash, 5 juices and mango puree, Splash",100 ml,100,30.0,0.0,0.0,7.5,0.0,,,,0.0,,,,,6.25,,,,,,67
978,7,11. ALIMENTOS EXPRESADOS EN 100 ML,"Bebida, sin gas, sabor a manzana verde, Vivant Storm","Drink, flavored with green apple, Vivant Storm",100 ml,100,8.33,0.0,0.0,2.08,,,,,0.0,,,,,5.42,,,,,,67
979,7,11. ALIMENTOS EXPRESADOS EN 100 ML,"Bebida, sin gas, sabor a mora y arándanos, Vivant Storm","Drink, flavored with blackberry and cranberries, Vivant Storm",100 ml,100,8.33,0.0,0.0,2.08,,,,,0.0,,,,,5.42,,,,,,67
980,7,11. ALIMENTOS EXPRESADOS EN 100 ML,"Bebida, sin gas, sabor a naranja, bajo en calorías, Del Valle","Drink, flavored with orange, low calories, Del Valle",100 ml,100,1.33,0.0,0.0,0.33,,0.0,,,0.0,,,,,28.33,,,,,,67
981,7,11. ALIMENTOS EXPRESADOS EN 100 ML,"Bebida, sin gas, sabor a naranja, mandarina y limón, citrus punch, Tampico","Drink, flavored with orange, mandarine, lemon, citrus punch, Tampico",100 ml,100,11.67,0.0,0.0,2.92,,,,,,,,,,13.75,,,,,,67
982,7,11. ALIMENTOS EXPRESADOS EN 100 ML,"Bebida, sin gas, sabor a naranja, Pura Crema","Drink, flavored with orange, Pura Crema",100 ml,100,20.8,0.0,0.0,5.2,0.0,0.0,,,0.0,,,,,14.0,,,,,,67
983,7,11. ALIMENTOS EXPRESADOS EN 100 ML,"Bedida proteíca, proteína de suero, Gofit","Protein drink, whey protein, Gofit",100 ml,100,70.8,7.2,0.4,9.6,0.0,0.4,,,3.6,,,,,240.0,,,,,,68
984,7,11. ALIMENTOS EXPRESADOS EN 100 ML,"Jugo de fruta, dragonfruit juice, con prebióticos, Liv Juice","Fruit juice, dragonfruit juice, with prebiotics, Liv Juice",100 ml,100,14.67,0.0,0.0,3.67,,0.0,,,0.0,,,,,1.67,,,,,,68
985,7,11. ALIMENTOS EXPRESADOS EN 100 ML,"Jugo, de 8 verduras, Herdez","Juice, of 8 vegetables, Herdez",100 ml,100,22.0,0.5,0.0,5.0,0.0,0.0,,,0.0,,,,,260.0,,,,,,68
986,7,11. ALIMENTOS EXPRESADOS EN 100 ML,"Jugo, de arándanos, Natures Heart","Cranberry juice, Natures Heart",100 ml,100,46.0,0.0,0.0,11.5,0.0,0.0,0.0,0.0,0.0,,,,,17.5,,,,,,68
987,7,11. ALIMENTOS EXPRESADOS EN 100 ML,"Jugo, de manzana Citric","Apple juice, Citric",100 ml,100,57.6,0.0,,14.4,0.0,,,,,,,,,,,,,,,68
988,7,11. ALIMENTOS EXPRESADOS EN 100 ML,"Jugo, de naranja, con pulpa, Citric","Orange juice, with pulp, Citric",100 ml,100,42.0,1.0,0.0,9.5,1.0,0.0,,,0.0,,,,,0.0,,,,,,68
989,7,11. ALIMENTOS EXPRESADOS EN 100 ML,"Jugo, de piña, pasteurizado, Scorpii","Pineapple juice, pasteurized, Scorpii",100 ml,100,51.67,0.42,0.0,12.5,0.0,0.0,,,0.0,,,,,0.0,,,,,,68
990,7,11. ALIMENTOS EXPRESADOS EN 100 ML,"Jugo, de tomate, Bar Helper","Tomatoe juice, Bar Helper",100 ml,100,47.62,2.38,0.0,9.52,,0.0,,,0.0,,,,,821.43,,,,,,68
991,7,11. ALIMENTOS EXPRESADOS EN 100 ML,"Jugo, de tomate, mezcla para coctel, Britvic","Tomatoe juice, cocktail mix, Britvic",100 ml,100,12.0,1.0,0.0,2.0,0.5,0.0,,,0.0,,,,,0.5,,,,,,68
992,7,11. ALIMENTOS EXPRESADOS EN 100 ML,"Jugo, de tomate, para cocktail, Clamato","Tomatoe juice, for cocktail, Clamato",100 ml,100,38.33,0.0,0.0,9.58,,,,,,,,,,25.0,,,,,,68
993,7,11. ALIMENTOS EXPRESADOS EN 100 ML,"Jugo, de uvilla, Natures Heart","Golden-berry juice, Natures Heart",100 ml,100,46.0,0.0,0.0,11.5,0.0,0.0,0.0,0.0,0.0,,,,,65.0,,,,,,68
994,7,11. ALIMENTOS EXPRESADOS EN 100 ML,"Jugo, procesado, sabor naranja, Del Valle","Juice, processed, orange flavor, Del Valle",100 ml,100,48.0,,,12.0,,,,,,,,,,9.0,,22.5,,,,68
995,7,11. ALIMENTOS EXPRESADOS EN 100 ML,"Té, blanco, sabor a carambolo y flor de loto, sin azúcar, sin colorantes, Hatsu Tea","White tea, flavored with carambolo & lotus flower, without sugar, without coloring, Hatsu Tea",100 ml,100,0.0,0.0,0.0,0.0,,0.0,,,0.0,,,,,0.0,,,,,,68
996,7,11. ALIMENTOS EXPRESADOS EN 100 ML,"Té, blanco, sabor a flor de cerezo, sin azúcar, sin colorantes, Hatsu Tea","White tea, flavored with cherry blosson, without sugar, without coloring, Hatsu Tea",100 ml,100,0.0,0.0,0.0,0.0,,0.0,,,0.0,,,,,2.5,,,,,,68
997,7,11. ALIMENTOS EXPRESADOS EN 100 ML,"Té, hiervas aromáticas, horchata, Forestea","Tea, aromatic herb drink, horchata, Forestea",100 ml,100,13.33,0.0,0.0,3.33,,0.0,,,0.0,,,,,8.33,,,,,,68
998,7,11. ALIMENTOS EXPRESADOS EN 100 ML,"Té, infusión natural, Eco B, cedron, Verbena de Indias","Herbal tea, Eco B, cedar, Verbena de Indias",100 ml,100,0.0,0.0,0.0,0.0,0.0,,,,0.0,,,,,20.0,,,,,,68
999,7,11. ALIMENTOS EXPRESADOS EN 100 ML,"Té, negro, sabor a limón, Fuze Tea","Tea, black, lemon flavor, Fuze Tea",100 ml,100,0.0,0.0,0.0,0.0,,0.0,,,0.0,,,,,16.36,,,,,,68
1000,7,11. ALIMENTOS EXPRESADOS EN 100 ML,"Té, negro, sabor a limón, nicetea, Vivant","Tea, black, lemon flavor, nicetea, Vivant",100 ml,100,8.33,0.0,0.0,2.08,,,,,0.0,,,,,6.25,,,,,,68
1001,7,11. ALIMENTOS EXPRESADOS EN 100 ML,"Té, sabor a manzana limonaria, Fuze Tea","Tea, lemon and apple flavor, Fuze Tea",100 ml,100,27.2,0.0,0.0,6.8,,0.0,,,0.0,,,,,10.0,,,,,,68
